Date,Open,High,Low,Close,Volume,Change_Pct
2022-04-12,2.9800000190734863,3.049999952316284,2.8399999141693115,2.869999885559082,447.948738,
2022-04-13,2.880000114440918,2.9200000762939453,2.799999952316284,2.809999942779541,131.029186,-2.090590424112604
2022-06-15,2.569999933242798,2.5999999046325684,2.569999933242798,2.5999999046325684,11.036987,-7.473311118264614
2022-06-16,2.5999999046325684,2.609999895095825,2.569999933242798,2.569999933242798,14.804492,-1.1538450957754964
2022-06-20,2.5899999141693115,2.5899999141693115,2.549999952316284,2.549999952316284,8.059037,-0.778209394786944
2022-06-21,2.569999933242798,2.5899999141693115,2.549999952316284,2.549999952316284,9.204218,0.0
2022-06-22,2.549999952316284,2.569999933242798,2.5299999713897705,2.5299999713897705,7.184806,-0.7843129921765946
2022-06-23,2.53,2.55,2.52,2.52,33.5552,-0.395257
2022-06-27,2.53,2.55,2.52,2.53,5.943778,0.396825
2022-06-28,2.54,2.54,2.5,2.51,8.634704,-0.790513
2022-06-29,2.52,2.55,2.51,2.55,5.474638,1.593624
2022-06-30,2.5199999809265137,2.549999952316284,2.5199999809265137,2.5199999809265137,1.951333,-1.1764694882648974
2022-07-04,2.549999952316284,2.569999933242798,2.5299999713897705,2.569999933242798,6.484982,1.9841251069335764
2022-07-05,2.549999952316284,2.549999952316284,2.5199999809265137,2.5299999713897705,6.751676,-1.556418789573888
2022-07-06,2.5199999809265137,2.549999952316284,2.5199999809265137,2.5199999809265137,5.661518,-0.3952565445193956
2022-07-07,2.52,2.54,2.52,2.53,5.097465,0.396825
2022-07-10,2.5299999713897705,2.5299999713897705,2.5299999713897705,2.5299999713897705,0.0,0.0
2022-07-11,2.53,2.53,2.53,2.53,0.0,0.0
2022-07-12,2.5199999809265137,2.559999942779541,2.5199999809265137,2.5399999618530273,22.458731,0.3952565445193956
2022-07-13,2.539999961853028,2.549999952316284,2.5299999713897705,2.549999952316284,8.216071,0.3937004178520276
2022-07-14,2.5299999713897705,2.559999942779541,2.5199999809265137,2.5199999809265137,10.657867,-1.1764694882648974
2022-07-18,2.5299999713897705,2.5399999618530273,2.5,2.5,7.753459,-0.7936500427734305
2022-07-19,2.5,2.5199999809265137,2.5,2.509999990463257,6.27072,0.3999996185302779
2022-07-20,2.5199999809265137,2.5299999713897705,2.509999990463257,2.5199999809265137,5.052423,0.3984059960657982
2022-07-21,2.5199999809265137,2.549999952316284,2.509999990463257,2.549999952316284,3.651644,1.1904750641601458
2022-07-25,2.5299999713897705,2.5299999713897705,2.509999990463257,2.5299999713897705,5.305112,-0.7843129921765946
2022-07-26,2.5199999809265137,2.5299999713897705,2.509999990463257,2.5299999713897705,3.607223,0.0
2022-07-27,2.509999990463257,2.5399999618530273,2.509999990463257,2.5199999809265137,3.761428,-0.3952565445193956
2022-07-28,2.5199999809265137,2.5399999618530273,2.5199999809265137,2.5399999618530273,2.227707,0.7936500427734305
2022-08-01,2.539999961853028,2.559999942779541,2.5199999809265137,2.559999942779541,3.975952,0.7874008357040552
2022-08-02,2.56,2.56,2.53,2.54,10.699602,-0.781249
2022-08-03,2.5399999618530273,2.549999952316284,2.509999990463257,2.5299999713897705,12.997176,-0.3937004178520276
2022-08-04,2.5299999713897705,2.559999942779541,2.5299999713897705,2.549999952316284,49.8689,0.7905130890387913
2022-08-08,2.559999942779541,2.559999942779541,2.5399999618530273,2.5399999618530273,4.030632,-0.39215649608830283
2022-08-09,2.5399999618530273,2.559999942779541,2.5399999618530273,2.549999952316284,7.526019,0.3937004178520276
2022-08-10,2.5399999618530273,2.559999942779541,2.5399999618530273,2.549999952316284,6.189938,0.0
2022-08-11,2.539999961853028,2.5999999046325684,2.539999961853028,2.5799999237060547,12.240691,1.1764694882648865
2022-08-15,2.5899999141693115,2.5999999046325684,2.569999933242798,2.5799999237060547,5.354527,0.0
2022-08-16,2.5799999237060547,2.5899999141693115,2.559999942779541,2.5799999237060547,2.426915,0.0
2022-08-17,2.569999933242798,2.5799999237060547,2.559999942779541,2.569999933242798,3.343787,-0.3875965410453319
2022-08-18,2.559999942779541,2.5799999237060547,2.559999942779541,2.5799999237060547,1.721649,0.3891046973934831
2022-08-22,2.57,2.59,2.57,2.59,2.014162,0.387597
2022-08-23,2.58,2.59,2.57,2.57,1.277352,-0.7722
2022-08-24,2.569999933242798,2.5899999141693115,2.559999942779541,2.5799999237060547,4.009601,0.3891046973934831
2022-08-25,2.58,2.6,2.57,2.6,7.089018,0.775193
2022-08-29,2.5899999141693115,2.5899999141693115,2.569999933242798,2.569999933242798,2.924808,-1.1538450957754964
2022-08-30,2.5799999237060547,2.5999999046325684,2.569999933242798,2.5899999141693115,5.488095,0.778209394786944
2022-08-31,2.5899999141693115,2.5999999046325684,2.559999942779541,2.559999942779541,9.66173,-1.1583000920443065
2022-09-01,2.58,2.58,2.56,2.57,4.690605,0.390625
2022-09-05,2.56,2.58,2.56,2.56,4.350176,-0.389105
2022-09-06,2.5799999237060547,2.5799999237060547,2.559999942779541,2.569999933242798,2.787197,0.3906246362021193
2022-09-07,2.559999942779541,2.569999933242798,2.549999952316284,2.569999933242798,4.130391,0.0
2022-09-08,2.559999942779541,2.569999933242798,2.549999952316284,2.549999952316284,3.655029,-0.778209394786944
2022-09-12,2.569999933242798,2.569999933242798,2.5399999618530273,2.549999952316284,5.395181,0.0
2022-09-13,2.549999952316284,2.569999933242798,2.5399999618530273,2.549999952316284,4.378215,0.0
2022-09-14,2.539999961853028,2.539999961853028,2.5199999809265137,2.5199999809265137,9.760246,-1.1764694882648974
2022-09-15,2.5199999809265137,2.5799999237060547,2.5199999809265137,2.559999942779541,7.627386,1.587300085546861
2022-09-19,2.559999942779541,2.5799999237060547,2.559999942779541,2.559999942779541,3.97652,0.0
2022-09-20,2.559999942779541,2.5999999046325684,2.559999942779541,2.569999933242798,7.104001,0.3906246362021193
2022-09-21,2.569999933242798,2.5899999141693115,2.559999942779541,2.5899999141693115,4.954987,0.778209394786944
2022-09-22,2.5799999237060547,2.5799999237060547,2.5399999618530273,2.549999952316284,5.61455,-1.544400122725742
2022-09-26,2.5199999809265137,2.5199999809265137,2.490000009536743,2.5,13.111768,-1.960782480441492
2022-09-27,2.5,2.5199999809265137,2.5,2.5,5.228801,0.0
2022-09-28,2.5199999809265137,2.5299999713897705,2.4800000190734863,2.5,10.797448,0.0
2022-09-29,2.5,2.5299999713897705,2.490000009536743,2.509999990463257,15.518487,0.3999996185302779
2022-10-03,2.5199999809265137,2.5199999809265137,2.490000009536743,2.5199999809265137,6.610013,0.3984059960657982
2022-10-04,2.5,2.549999952316284,2.5,2.509999990463257,4.516177,-0.39682502138671527
2022-10-05,2.5299999713897705,2.5299999713897705,2.490000009536743,2.5,6.395174,-0.3984059960658093
2022-10-06,2.5,2.5299999713897705,2.5,2.5,5.24455,0.0
2022-10-10,2.509999990463257,2.5299999713897705,2.5,2.5199999809265137,2.733387,0.7999992370605558
2022-10-11,2.539999961853028,2.5999999046325684,2.5199999809265137,2.539999961853028,8.567034,0.7936500427734305
2022-10-12,2.559999942779541,2.569999933242798,2.5299999713897705,2.5399999618530273,4.855751,0.0
2022-10-13,2.549999952316284,2.549999952316284,2.5199999809265137,2.549999952316284,1.655431,0.3937004178520276
2022-10-17,2.5199999809265137,2.539999961853028,2.509999990463257,2.509999990463257,3.260884,-1.5686259843532002
2022-10-18,2.5399999618530273,2.5399999618530273,2.5199999809265137,2.5399999618530273,6.7771,1.1952179881974168
2022-10-19,2.490000009536743,2.490000009536743,2.4700000286102295,2.490000009536743,15.511607,-1.9685020892601601
2022-10-20,2.48,2.5,2.47,2.5,10.317225,0.401606
2022-10-24,2.4800000190734863,2.509999990463257,2.440000057220459,2.4800000190734863,14.44885,-0.7999992370605447
2022-10-25,2.4800000190734863,2.490000009536743,2.450000047683716,2.4800000190734863,8.666952,0.0
2022-10-26,2.4700000286102295,2.490000009536743,2.450000047683716,2.450000047683716,4.994705,-1.2096762564130281
2022-10-27,2.44,2.49,2.44,2.49,8.182087,1.632651
2022-10-31,2.4800000190734863,2.4800000190734863,2.440000057220459,2.440000057220459,5.743932,-2.008030205814604
2022-11-01,2.450000047683716,2.4700000286102295,2.4200000762939453,2.4700000286102295,4.953251,1.229506995337748
2022-11-02,2.4600000381469727,2.5199999809265137,2.430000066757202,2.509999990463257,30.167262,1.6194316352106997
2022-11-03,2.5,2.509999990463257,2.4600000381469727,2.490000009536743,12.0791,-0.7968119921316186
2022-11-07,2.4800000190734863,2.4800000190734863,2.4600000381469727,2.4700000286102295,21.69896,-0.8032120823258437
2022-11-08,2.46,2.49,2.46,2.49,14.349787,0.809716
2022-11-09,2.48,2.49,2.45,2.46,7.456825,-1.204818
2022-11-10,2.470000028610229,2.5,2.470000028610229,2.4800000190734863,17.616963,0.8130073421291018
2022-11-14,2.48,2.48,2.45,2.46,12.275889,-0.806451
2022-11-15,2.470000028610229,2.470000028610229,2.430000066757202,2.440000057220459,21.957879,-0.8130073421291018
2022-11-16,2.44,2.45,2.39,2.4,31.730335,-1.639343
2022-11-17,2.400000095367432,2.4200000762939453,2.3399999141693115,2.3499999046325684,26.620521,-2.083341197834765
2022-11-21,2.390000104904175,2.390000104904175,2.359999895095825,2.369999885559082,4.1379,0.8510630526872509
2022-11-22,2.38,2.39,2.36,2.37,8.407758,0.0
2022-11-23,2.37,2.39,2.37,2.37,6.410403,0.0
2022-11-24,2.359999895095825,2.390000104904175,2.359999895095825,2.380000114440918,1.925749,0.42195060610632495
2022-11-28,2.4000000953674316,2.4000000953674316,2.359999895095825,2.359999895095825,7.031865,-0.8403453102266312
2022-11-29,2.359999895095825,2.369999885559082,2.3399999141693115,2.359999895095825,7.17836,0.0
2022-11-30,2.3499999046325684,2.380000114440918,2.3299999237060547,2.3299999237060547,8.782838,-1.2711852848854677
2022-12-01,2.3299999237060547,2.3299999237060547,2.3299999237060547,2.3299999237060547,0.0,0.0
2022-12-05,2.3499999046325684,2.369999885559082,2.3299999237060547,2.3499999046325684,15.529405,0.8583683082144411
2022-12-06,2.3499999046325684,2.369999885559082,2.3399999141693115,2.3399999141693115,10.04015,-0.42553152634362545
2022-12-07,2.3399999141693115,2.369999885559082,2.3299999237060547,2.3499999046325684,5.616185,0.4273500354724069
2022-12-08,2.369999885559082,2.369999885559082,2.3299999237060547,2.3499999046325684,3.621716,0.0
2022-12-12,2.369999885559082,2.390000104904175,2.3399999141693115,2.390000104904175,9.841768,1.7021362508463866
2022-12-13,2.390000104904175,2.390000104904175,2.3499999046325684,2.3499999046325684,20.184726,-1.6736484734677592
2022-12-14,2.359999895095825,2.380000114440918,2.3499999046325684,2.380000114440918,11.415474,1.27660472450275
2022-12-15,2.359999895095825,2.380000114440918,2.3399999141693115,2.3399999141693115,15.927894,-1.6806806028663912
2022-12-19,2.3499999046325684,2.359999895095825,2.3399999141693115,2.3399999141693115,4.098483,0.0
2022-12-20,2.359999895095825,2.369999885559082,2.3399999141693115,2.3499999046325684,7.777622,0.4273500354724069
2022-12-21,2.3299999237060547,2.3299999237060547,2.2899999618530273,2.309999942779541,4.938787,-1.702126105374524
2022-12-22,2.309999942779541,2.319999933242798,2.2799999713897705,2.2899999618530273,3.097751,-0.8658000615553441
2022-12-26,2.2899999618530273,2.2899999618530273,2.2899999618530273,2.2899999618530273,0.0,0.0
2022-12-27,2.2899999618530273,2.2899999618530273,2.2899999618530273,2.2899999618530273,0.0,0.0
2022-12-28,2.2899999618530273,2.2899999618530273,2.2899999618530273,2.2899999618530273,0.0,0.0
2022-12-29,2.2899999618530273,2.2899999618530273,2.2899999618530273,2.2899999618530273,0.0,0.0
2023-01-02,2.2899999618530273,2.2899999618530273,2.2899999618530273,2.2899999618530273,0.0,0.0
2023-01-03,2.2899999618530273,2.2899999618530273,2.2899999618530273,2.2899999618530273,0.0,0.0
2023-01-04,2.2899999618530273,2.2899999618530273,2.2899999618530273,2.2899999618530273,0.0,0.0
2023-01-05,2.2899999618530273,2.309999942779541,2.2799999713897705,2.309999942779541,7.853704,0.8733616270600209
2023-01-09,2.299999952316284,2.319999933242798,2.2899999618530273,2.299999952316284,5.201595,-0.43290003077767203
2023-01-10,2.319999933242798,2.319999933242798,2.2899999618530273,2.2899999618530273,2.249764,-0.4347822030685733
2023-01-11,2.2899999618530273,2.319999933242798,2.2899999618530273,2.299999952316284,3.916604,0.4366808135300104
2023-01-12,2.2899999618530273,2.319999933242798,2.2899999618530273,2.299999952316284,3.895404,0.0
2023-01-16,2.309999942779541,2.3299999237060547,2.299999952316284,2.309999942779541,3.257137,0.4347822030685622
2023-01-17,2.31,2.4,2.31,2.39,13.803271,3.463211
2023-01-18,2.38,2.43,2.38,2.41,16.252639,0.836819
2023-01-19,2.400000095367432,2.4200000762939453,2.390000104904175,2.4200000762939453,6.580179,0.4149373488428809
2023-01-23,2.39,2.42,2.38,2.42,4.554723,0.0
2023-01-24,2.4100000858306885,2.430000066757202,2.400000095367432,2.430000066757202,3.996405,0.41322273338813
2023-01-25,2.4100000858306885,2.4200000762939453,2.390000104904175,2.4100000858306885,1.879853,-0.8230444599618192
2023-01-26,2.4000000953674316,2.4100000858306885,2.359999895095825,2.4000000953674316,2.385987,-0.4149373488428698
2023-01-30,2.359999895095825,2.380000114440918,2.3299999237060547,2.3399999141693115,4.794947,-2.5000074505802994
2023-01-31,2.3399999141693115,2.369999885559082,2.3399999141693115,2.369999885559082,2.858702,1.2820501064172207
2023-02-01,2.359999895095825,2.380000114440918,2.359999895095825,2.369999885559082,4.203308,0.0
2023-02-02,2.369999885559082,2.380000114440918,2.3499999046325684,2.3499999046325684,3.863309,-0.8438810925003759
2023-02-06,2.369999885559082,2.4000000953674316,2.359999895095825,2.380000114440918,2.209592,1.27660472450275
2023-02-07,2.38,2.4,2.37,2.4,2.236076,0.840335
2023-02-08,2.390000104904175,2.4000000953674316,2.380000114440918,2.390000104904175,2.915776,-0.4166662527455345
2023-02-09,2.45,2.49,2.42,2.44,32.257192,2.092048
2023-02-13,2.44,2.46,2.43,2.45,4.387885,0.409836
2023-02-14,2.4600000381469727,2.4600000381469727,2.430000066757202,2.450000047683716,1.731445,0.0
2023-02-15,2.46,2.46,2.43,2.44,4.710512,-0.408163
2023-02-16,2.440000057220459,2.4600000381469727,2.430000066757202,2.450000047683716,5.623725,0.40983566511259
2023-02-20,2.4100000858306885,2.4100000858306885,2.4100000858306885,2.4100000858306885,0.0,-1.632651472429325
2023-02-21,2.4100000858306885,2.4100000858306885,2.369999885559082,2.380000114440918,21.781575,-1.2448120465286205
2023-02-22,2.380000114440918,2.380000114440918,2.359999895095825,2.369999885559082,2.541792,-0.42017766390675115
2023-02-23,2.37,2.4,2.36,2.37,8.729024,0.0
2023-02-27,2.37,2.4,2.36,2.38,7.690261,0.421951
2023-02-28,2.369999885559082,2.400000095367432,2.369999885559082,2.380000114440918,6.383084,0.0
2023-03-01,2.4000000953674316,2.4000000953674316,2.369999885559082,2.380000114440918,11.803983,0.0
2023-03-02,2.380000114440918,2.390000104904175,2.369999885559082,2.380000114440918,5.959271,0.0
2023-03-06,2.4,2.42,2.39,2.42,4.45557,1.680671
2023-03-07,2.4200000762939453,2.430000066757202,2.4100000858306885,2.430000066757202,2.109372,0.41322273338813
2023-03-08,2.4200000762939453,2.4200000762939453,2.390000104904175,2.4100000858306885,2.948041,-0.8230444599618192
2023-03-09,2.4000000953674316,2.4200000762939453,2.4000000953674316,2.4200000762939453,1.574921,0.4149373488428809
2023-03-13,2.4000000953674316,2.4000000953674316,2.380000114440918,2.380000114440918,2.156079,-1.6528909335525421
2023-03-14,2.380000114440918,2.390000104904175,2.369999885559082,2.390000104904175,4.609817,0.4201676463198689
2023-03-15,2.380000114440918,2.4100000858306885,2.359999895095825,2.369999885559082,7.473465,-0.8368292245700459
2023-03-16,2.380000114440918,2.380000114440918,2.3399999141693115,2.359999895095825,7.594233,-0.42194054625018795
2023-03-20,2.390000104904175,2.4200000762939453,2.380000114440918,2.4200000762939453,8.327868,2.5423806722535414
2023-03-21,2.4000000953674316,2.4200000762939453,2.4000000953674316,2.4200000762939453,3.890266,0.0
2023-03-22,2.4200000762939453,2.4200000762939453,2.4000000953674316,2.4000000953674316,4.399555,-0.8264454667762711
2023-03-23,2.41,2.44,2.4,2.44,2.273468,1.666665
2023-03-27,2.470000028610229,2.4800000190734863,2.450000047683716,2.4600000381469727,1.772115,0.8196713302251579
2023-03-28,2.450000047683716,2.490000009536743,2.450000047683716,2.490000009536743,6.517799,1.2195110131936637
2023-03-29,2.49,2.5,2.47,2.49,15.717436,0.0
2023-03-30,2.49,2.51,2.47,2.51,8.535178,0.803212
2023-04-03,2.5,2.509999990463257,2.490000009536743,2.509999990463257,3.951627,0.0
2023-04-04,2.509999990463257,2.5199999809265137,2.490000009536743,2.5199999809265137,3.366726,0.3984059960657982
2023-04-05,2.5,2.5199999809265137,2.5,2.5,4.246579,-0.7936500427734305
2023-04-06,2.5,2.509999990463257,2.4600000381469727,2.4600000381469727,6.714545,-1.5999984741210893
2023-04-10,2.4800000190734863,2.490000009536743,2.4600000381469727,2.4700000286102295,10.650835,0.406503671064562
2023-04-11,2.4700000286102295,2.5,2.4700000286102295,2.5,6.749664,1.2145737264080303
2023-04-12,2.5,2.509999990463257,2.490000009536743,2.5,7.346056,0.0
2023-04-13,2.5,2.509999990463257,2.490000009536743,2.509999990463257,4.88446,0.3999996185302779
2023-04-17,2.5,2.509999990463257,2.4800000190734863,2.5,4.769173,-0.3984059960658093
2023-04-18,2.5,2.54,2.5,2.51,17.588319,0.4
2023-04-19,2.4200000762939453,2.450000047683716,2.380000114440918,2.380000114440918,13.848987,-5.17927794885551
2023-04-20,2.380000114440918,2.380000114440918,2.380000114440918,2.380000114440918,0.0,0.0
2023-04-24,2.4000000953674316,2.4100000858306885,2.390000104904175,2.4000000953674316,1.854041,0.84033529263976
2023-04-25,2.4200000762939453,2.430000066757202,2.4000000953674316,2.4000000953674316,4.10667,0.0
2023-04-26,2.400000095367432,2.450000047683716,2.400000095367432,2.440000057220459,8.551154,1.66666501098216
2023-04-27,2.450000047683716,2.4800000190734863,2.440000057220459,2.4800000190734863,8.474487,1.6393426604503158
2023-05-01,2.4800000190734863,2.490000009536743,2.450000047683716,2.4600000381469727,6.072208,-0.8064508376086854
2023-05-02,2.4700000286102295,2.509999990463257,2.4600000381469727,2.5,21.997816,1.6260146842582035
2023-05-03,2.4800000190734863,2.509999990463257,2.4800000190734863,2.5,10.179322,0.0
2023-05-04,2.5,2.509999990463257,2.490000009536743,2.5,7.968385,0.0
2023-05-08,2.490000009536743,2.490000009536743,2.440000057220459,2.470000028610229,3.978144,-1.1999988555908223
2023-05-09,2.4700000286102295,2.490000009536743,2.450000047683716,2.450000047683716,15.945231,-0.8097158176053498
2023-05-10,2.4700000286102295,2.490000009536743,2.450000047683716,2.4800000190734863,11.892334,1.2244886043219827
2023-05-11,2.490000009536743,2.5,2.4600000381469727,2.5,5.759905,0.8064508376086854
2023-05-15,2.490000009536743,2.490000009536743,2.4600000381469727,2.4800000190734863,5.295414,-0.7999992370605447
2023-05-16,2.4600000381469727,2.4800000190734863,2.430000066757202,2.450000047683716,5.340882,-1.2096762564130281
2023-05-17,2.4200000762939453,2.4800000190734863,2.4200000762939453,2.4800000190734863,3.035129,1.2244886043219827
2023-05-18,2.450000047683716,2.5,2.450000047683716,2.490000009536743,5.694145,0.4032254188043316
2023-05-22,2.490000009536743,2.5,2.4800000190734863,2.490000009536743,16.637685,0.0
2023-05-23,2.4700000286102295,2.5,2.4700000286102295,2.490000009536743,11.986514,0.0
2023-05-24,2.4800000190734863,2.5,2.4800000190734863,2.5,4.35058,0.4016060411629274
2023-05-25,2.49,2.49,2.45,2.45,1.832142,-1.999998
2023-05-29,2.45,2.48,2.44,2.45,4.200966,0.0
2023-05-30,2.440000057220459,2.5,2.440000057220459,2.490000009536743,5.962477,1.632651472429325
2023-05-31,2.49,2.49,2.47,2.48,7.802713,-0.401606
2023-06-01,2.48,2.51,2.46,2.5,28.821305,0.806451
2023-06-05,2.5,2.66,2.49,2.65,122.457422,6.000004
2023-06-06,2.65,2.67,2.61,2.66,63.297513,0.377358
2023-06-07,2.6600000858306885,2.6600000858306885,2.5999999046325684,2.630000114440918,28.699506,-1.1278184369081234
2023-06-08,2.64,2.64,2.56,2.58,46.930435,-1.901148
2023-06-12,2.5799999237060547,2.630000114440918,2.559999942779541,2.5899999141693115,33.278778,0.3875965410453208
2023-06-13,2.5899999141693115,2.609999895095825,2.5799999237060547,2.5999999046325684,16.793828,0.3861000306814244
2023-06-14,2.609999895095825,2.619999885559082,2.569999933242798,2.5799999237060547,17.811537,-0.7692300638503347
2023-06-15,2.5899999141693115,2.5999999046325684,2.559999942779541,2.5799999237060547,14.254918,0.0
2023-06-19,2.6,2.61,2.58,2.6,14.344837,0.775193
2023-06-20,2.5799999237060547,2.5999999046325684,2.559999942779541,2.5999999046325684,16.192948,0.0
2023-06-21,2.59,2.6,2.57,2.58,9.914102,-0.76923
2023-06-22,2.58,2.59,2.57,2.58,5.222569,0.0
2023-06-26,2.63,2.65,2.61,2.62,12.679817,1.550386
2023-06-27,2.619999885559082,2.619999885559082,2.619999885559082,2.619999885559082,0.0,0.0
2023-06-28,2.62,2.62,2.62,2.62,0.0,0.0
2023-06-29,2.62,2.62,2.62,2.62,0.0,0.0
2023-07-03,2.619999885559082,2.700000047683716,2.609999895095825,2.700000047683716,24.301974,3.053441435840476
2023-07-04,2.690000057220459,2.740000009536743,2.6700000762939453,2.7300000190734863,41.641782,1.111110031850071
2023-07-05,2.7100000381469727,2.7100000381469727,2.6700000762939453,2.700000047683716,9.840047,-1.0989000432297449
2023-07-06,2.690000057220459,2.700000047683716,2.680000066757202,2.680000066757202,5.71834,-0.740740021233377
2023-07-10,2.700000047683716,2.700000047683716,2.640000104904175,2.650000095367432,22.16737,-1.119401889645122
2023-07-11,2.6600000858306885,2.6600000858306885,2.619999885559082,2.650000095367432,16.220392,0.0
2023-07-12,2.640000104904175,2.690000057220459,2.619999885559082,2.6700000762939453,25.475786,0.7547162342173674
2023-07-13,2.66,2.7,2.65,2.7,10.982884,1.123594
2023-07-17,2.7,2.7,2.67,2.68,12.087519,-0.74074
2023-07-18,2.69,2.71,2.67,2.71,14.860145,1.119402
2023-07-19,2.7,2.71,2.68,2.7,5.272315,-0.369003
2023-07-20,2.700000047683716,2.7100000381469727,2.680000066757202,2.7100000381469727,9.305266,0.3703700106166829
2023-07-24,2.700000047683716,2.7100000381469727,2.680000066757202,2.690000057220459,6.851675,-0.738006665866664
2023-07-25,2.690000057220459,2.700000047683716,2.680000066757202,2.700000047683716,3.795475,0.37174684946250647
2023-07-26,2.700000047683716,2.700000047683716,2.6600000858306885,2.6600000858306885,8.881929,-1.4814800424667651
2023-07-27,2.6600000858306885,2.680000066757202,2.640000104904175,2.650000095367432,9.3078,-0.3759394789693782
2023-07-31,2.640000104904175,2.690000057220459,2.640000104904175,2.680000066757202,8.145686,1.1320743513260512
2023-08-01,2.68,2.69,2.65,2.66,7.910744,-0.746268
2023-08-02,2.68,2.68,2.64,2.66,6.410774,0.0
2023-08-03,2.650000095367432,2.6600000858306885,2.619999885559082,2.6600000858306885,5.080735,0.0
2023-08-07,2.62,2.64,2.61,2.62,8.995352,-1.503767
2023-08-08,2.619999885559082,2.640000104904175,2.5999999046325684,2.630000114440918,9.692923,0.3816881419329565
2023-08-09,2.640000104904175,2.640000104904175,2.609999895095825,2.609999895095825,5.284085,-0.7604645807912647
2023-08-10,2.619999885559082,2.619999885559082,2.5799999237060547,2.609999895095825,7.408006,0.0
2023-08-14,2.609999895095825,2.609999895095825,2.5799999237060547,2.5799999237060547,6.127109,-1.1494242373779495
2023-08-15,2.5799999237060547,2.619999885559082,2.5799999237060547,2.609999895095825,6.810684,1.1627896231359847
2023-08-16,2.5999999046325684,2.609999895095825,2.5799999237060547,2.5899999141693115,6.030647,-0.7662828249186293
2023-08-17,2.5799999237060547,2.5999999046325684,2.569999933242798,2.5999999046325684,6.25272,0.3861000306814244
2023-08-21,2.609999895095825,2.609999895095825,2.5799999237060547,2.5899999141693115,2.218666,-0.3846150319251618
2023-08-22,2.5999999046325684,2.5999999046325684,2.5799999237060547,2.5999999046325684,3.197531,0.3861000306814244
2023-08-23,2.5999999046325684,2.609999895095825,2.5799999237060547,2.5999999046325684,4.088924,0.0
2023-08-24,2.5999999046325684,2.5999999046325684,2.5799999237060547,2.5899999141693115,2.489023,-0.3846150319251618
2023-08-28,2.559999942779541,2.5799999237060547,2.549999952316284,2.559999942779541,3.329928,-1.1583000920443065
2023-08-29,2.5799999237060547,2.5799999237060547,2.559999942779541,2.5799999237060547,1.219201,0.7812492724042164
2023-08-30,2.5799999237060547,2.5899999141693115,2.569999933242798,2.5799999237060547,0.809681,0.0
2023-08-31,2.569999933242798,2.5799999237060547,2.549999952316284,2.549999952316284,2.722408,-1.1627896231359958
2023-09-04,2.5799999237060547,2.5799999237060547,2.559999942779541,2.569999933242798,3.121503,0.7843129921766057
2023-09-05,2.569999933242798,2.5799999237060547,2.549999952316284,2.569999933242798,2.060223,0.0
2023-09-06,2.569999933242798,2.5799999237060547,2.549999952316284,2.5799999237060547,6.974499,0.3891046973934831
2023-09-07,2.5899999141693115,2.5999999046325684,2.559999942779541,2.559999942779541,11.335652,-0.7751930820906638
2023-09-11,2.5899999141693115,2.5899999141693115,2.559999942779541,2.569999933242798,4.514927,0.3906246362021193
2023-09-12,2.559999942779541,2.5799999237060547,2.549999952316284,2.569999933242798,4.361284,0.0
2023-09-13,2.559999942779541,2.559999942779541,2.5399999618530273,2.549999952316284,5.477205,-0.778209394786944
2023-09-14,2.549999952316284,2.549999952316284,2.509999990463257,2.509999990463257,8.792214,-1.5686259843532002
2023-09-18,2.5399999618530273,2.549999952316284,2.509999990463257,2.509999990463257,2.905403,0.0
2023-09-19,2.5299999713897705,2.5299999713897705,2.509999990463257,2.5299999713897705,2.508248,0.7968119921316186
2023-09-20,2.5199999809265137,2.5799999237060547,2.5199999809265137,2.569999933242798,5.39845,1.5810261780775825
2023-09-21,2.569999933242798,2.5899999141693115,2.549999952316284,2.569999933242798,13.219373,0.0
2023-09-25,2.569999933242798,2.5799999237060547,2.559999942779541,2.5799999237060547,2.402318,0.3891046973934831
2023-09-26,2.5799999237060547,2.5799999237060547,2.549999952316284,2.569999933242798,7.160049,-0.3875965410453319
2023-09-27,2.5799999237060547,2.5799999237060547,2.5399999618530273,2.569999933242798,4.825411,0.0
2023-09-28,2.559999942779541,2.569999933242798,2.5399999618530273,2.559999942779541,9.408369,-0.389104697393472
2023-10-02,2.559999942779541,2.559999942779541,2.559999942779541,2.559999942779541,0.0,0.0
2023-10-03,2.55,2.57,2.53,2.57,4.375615,0.390625
2023-10-04,2.569999933242798,2.5799999237060547,2.539999961853028,2.559999942779541,8.730474,-0.389104697393472
2023-10-05,2.559999942779541,2.5799999237060547,2.539999961853028,2.539999961853028,9.340515,-0.7812492724042275
2023-10-09,2.539999961853028,2.539999961853028,2.490000009536743,2.490000009536743,11.315429,-1.96850208926016
2023-10-10,2.5,2.5199999809265137,2.490000009536743,2.490000009536743,3.769971,0.0
2023-10-11,2.5,2.549999952316284,2.4800000190734863,2.549999952316284,4.245534,2.40963624697752
2023-10-12,2.5299999713897705,2.539999961853028,2.5199999809265137,2.539999961853028,1.735597,-0.3921564960883028
2023-10-16,2.5299999713897705,2.5299999713897705,2.490000009536743,2.509999990463257,5.32999,-1.1811012535560939
2023-10-17,2.4800000190734863,2.4800000190734863,2.450000047683716,2.450000047683716,5.483419,-2.3904359763948557
2023-10-18,2.450000047683716,2.450000047683716,2.4100000858306885,2.4200000762939453,5.283377,-1.2244886043219938
2023-10-19,2.4100000858306885,2.440000057220459,2.390000104904175,2.390000104904175,3.824748,-1.239668200164412
2023-10-23,2.380000114440918,2.380000114440918,2.3299999237060547,2.3299999237060547,4.356233,-2.510467722365473
2023-10-24,2.3499999046325684,2.4200000762939453,2.3299999237060547,2.3299999237060547,8.402035,0.0
2023-10-25,2.380000114440918,2.4000000953674316,2.359999895095825,2.390000104904175,7.542599,2.5751151572007247
2023-10-26,2.4000000953674316,2.4000000953674316,2.359999895095825,2.4000000953674316,6.246242,0.41840962444885665
2023-10-30,2.400000095367432,2.400000095367432,2.3499999046325684,2.359999895095825,4.013254,-1.666674945089219
2023-10-31,2.380000114440918,2.400000095367432,2.359999895095825,2.380000114440918,4.167851,0.8474669590729178
2023-11-01,2.400000095367432,2.4100000858306885,2.380000114440918,2.390000104904175,4.805708,0.4201676463198689
2023-11-02,2.390000104904175,2.430000066757202,2.390000104904175,2.400000095367432,5.45973,0.4184096244488566
2023-11-06,2.39,2.42,2.39,2.39,2.943883,-0.416666
2023-11-07,2.4200000762939453,2.4200000762939453,2.380000114440918,2.390000104904175,3.062964,0.0
2023-11-08,2.4100000858306885,2.4200000762939453,2.390000104904175,2.390000104904175,2.387667,0.0
2023-11-09,2.390000104904175,2.4100000858306885,2.380000114440918,2.380000114440918,1.473244,-0.41840962444885665
2023-11-13,2.400000095367432,2.400000095367432,2.390000104904175,2.400000095367432,1.538801,0.84033529263976
2023-11-14,2.400000095367432,2.450000047683716,2.390000104904175,2.450000047683716,11.074708,2.0833312637276835
2023-11-15,2.4600000381469727,2.470000028610229,2.440000057220459,2.4600000381469727,6.232513,0.4081628681073201
2023-11-16,2.4600000381469727,2.470000028610229,2.4200000762939453,2.4600000381469727,4.255257,0.0
2023-11-20,2.5,2.5399999618530273,2.490000009536743,2.5299999713897705,8.126639,2.8455256974518672
2023-11-21,2.5199999809265137,2.549999952316284,2.5,2.509999990463257,14.876064,-0.7905130890387913
2023-11-22,2.5199999809265137,2.5299999713897705,2.509999990463257,2.5199999809265137,4.86716,0.3984059960657982
2023-11-23,2.509999990463257,2.5299999713897705,2.5,2.5199999809265137,2.934887,0.0
2023-11-27,2.539999961853028,2.569999933242798,2.539999961853028,2.549999952316284,12.060348,1.1904750641601458
2023-11-28,2.549999952316284,2.559999942779541,2.509999990463257,2.5299999713897705,5.000271,-0.7843129921765946
2023-11-29,2.5299999713897705,2.559999942779541,2.5299999713897705,2.549999952316284,15.52217,0.7905130890387913
2023-11-30,2.5399999618530273,2.549999952316284,2.5299999713897705,2.5299999713897705,11.510258,-0.7843129921765946
2023-12-04,2.5299999713897705,2.5299999713897705,2.5299999713897705,2.5299999713897705,0.0,0.0
2023-12-05,2.53,2.55,2.52,2.53,12.595966,0.0
2023-12-06,2.5299999713897705,2.5399999618530273,2.5199999809265137,2.5399999618530273,14.143196,0.3952565445193956
2023-12-07,2.5399999618530273,2.5399999618530273,2.509999990463257,2.5399999618530273,30.290727,0.0
2023-12-11,2.490000009536743,2.509999990463257,2.440000057220459,2.440000057220459,11.222004,-3.93700417852032
2023-12-12,2.4600000381469727,2.490000009536743,2.440000057220459,2.4600000381469727,10.731886,0.8196713302251579
2023-12-13,2.4800000190734863,2.4800000190734863,2.4200000762939453,2.4200000762939453,13.910754,-1.6260146842582146
2023-12-14,2.440000057220459,2.5299999713897705,2.430000066757202,2.5,18.478102,3.3057818671050843
2023-12-18,2.4200000762939453,2.4700000286102295,2.4200000762939453,2.450000047683716,9.406043,-1.9999980926513672
2023-12-19,2.450000047683716,2.4600000381469727,2.430000066757202,2.450000047683716,2.546239,0.0
2023-12-20,2.450000047683716,2.4600000381469727,2.430000066757202,2.440000057220459,8.555804,-0.4081628681073312
2023-12-21,2.440000057220459,2.4600000381469727,2.430000066757202,2.450000047683716,3.36338,0.40983566511259006
2023-12-25,2.4600000381469727,2.4600000381469727,2.430000066757202,2.450000047683716,10.063069,0.0
2023-12-26,2.450000047683716,2.4600000381469727,2.450000047683716,2.450000047683716,1.214141,0.0
2023-12-27,2.450000047683716,2.470000028610229,2.440000057220459,2.4600000381469727,8.871941,0.4081628681073201
2023-12-28,2.4700000286102295,2.4700000286102295,2.450000047683716,2.450000047683716,2.999675,-0.4065036710645509
2024-01-01,2.4600000381469727,2.4600000381469727,2.4600000381469727,2.4600000381469727,0.0,0.4081628681073201
2024-01-02,2.46,2.47,2.45,2.46,8.565873,0.0
2024-01-03,2.4600000381469727,2.4800000190734863,2.450000047683716,2.450000047683716,9.81551,-0.4065036710645509
2024-01-04,2.4600000381469727,2.490000009536743,2.450000047683716,2.490000009536743,4.367266,1.632651472429325
2024-01-08,2.490000009536743,2.509999990463257,2.4700000286102295,2.4700000286102295,11.437938,-0.8032120823258437
2024-01-09,2.5,2.5199999809265137,2.490000009536743,2.509999990463257,13.101628,1.6194316352106997
2024-01-10,2.509999990463257,2.5199999809265137,2.4800000190734863,2.509999990463257,2.356666,0.0
2024-01-11,2.509999990463257,2.509999990463257,2.490000009536743,2.5,3.279651,-0.3984059960658093
2024-01-15,2.5,2.539999961853028,2.490000009536743,2.509999990463257,12.834109,0.3999996185302779
2024-01-16,2.51,2.52,2.49,2.5,4.821492,-0.398406
2024-01-17,2.5,2.549999952316284,2.490000009536743,2.539999961853028,15.787127,1.5999984741210893
2024-01-18,2.5299999713897705,2.549999952316284,2.509999990463257,2.5199999809265137,6.563057,-0.7874008357040663
2024-01-22,2.5299999713897705,2.559999942779541,2.509999990463257,2.5199999809265137,5.878149,0.0
2024-01-23,2.5299999713897705,2.5299999713897705,2.5,2.5199999809265137,5.638853,0.0
2024-01-24,2.52,2.58,2.5,2.55,15.322516,1.190475
2024-01-25,2.55,2.56,2.5,2.51,7.098754,-1.568626
2024-01-29,2.5,2.5199999809265137,2.5,2.5199999809265137,5.873847,0.3984059960657982
2024-01-30,2.5299999713897705,2.5299999713897705,2.5,2.5,3.689342,-0.7936500427734305
2024-01-31,2.509999990463257,2.509999990463257,2.5,2.509999990463257,4.717564,0.3999996185302779
2024-02-01,2.5,2.509999990463257,2.490000009536743,2.509999990463257,4.582255,0.0
2024-02-05,2.509999990463257,2.509999990463257,2.490000009536743,2.509999990463257,7.237366,0.0
2024-02-06,2.509999990463257,2.5299999713897705,2.470000028610229,2.470000028610229,13.428686,-1.5936239842632371
2024-02-07,2.4700000286102295,2.4700000286102295,2.4700000286102295,2.4700000286102295,0.0,0.0
2024-02-08,2.490000009536743,2.490000009536743,2.450000047683716,2.450000047683716,3.392978,-0.8097158176053498
2024-02-12,2.4800000190734863,2.490000009536743,2.4600000381469727,2.4800000190734863,4.39161,1.2244886043219827
2024-02-13,2.4800000190734863,2.4800000190734863,2.4600000381469727,2.4800000190734863,3.239016,0.0
2024-02-14,2.4800000190734863,2.4800000190734863,2.450000047683716,2.4600000381469727,4.519978,-0.8064508376086854
2024-02-15,2.450000047683716,2.4800000190734863,2.450000047683716,2.450000047683716,5.280261,-0.4065036710645509
2024-02-19,2.4800000190734863,2.4800000190734863,2.4600000381469727,2.4600000381469727,1.061252,0.4081628681073201
2024-02-20,2.4700000286102295,2.4700000286102295,2.4200000762939453,2.430000066757202,12.706774,-1.2195110131936526
2024-02-21,2.430000066757202,2.430000066757202,2.430000066757202,2.430000066757202,0.0,0.0
2024-02-22,2.440000057220459,2.450000047683716,2.4200000762939453,2.4200000762939453,6.471588,-0.4115222299809096
2024-02-26,2.430000066757202,2.450000047683716,2.390000104904175,2.450000047683716,9.648384,1.2396682001644121
2024-02-27,2.450000047683716,2.450000047683716,2.4200000762939453,2.4200000762939453,4.610365,-1.2244886043219938
2024-02-28,2.4200000762939453,2.440000057220459,2.4100000858306885,2.4100000858306885,3.098992,-0.4132227333881411
2024-02-29,2.4200000762939453,2.430000066757202,2.4100000858306885,2.4100000858306885,2.829347,0.0
2024-03-04,2.430000066757202,2.440000057220459,2.4200000762939453,2.430000066757202,1.261222,0.8298746976857396
2024-03-05,2.430000066757202,2.440000057220459,2.4100000858306885,2.4200000762939453,1.756253,-0.4115222299809096
2024-03-06,2.4200000762939453,2.440000057220459,2.4000000953674316,2.440000057220459,2.394308,0.8264454667762822
2024-03-07,2.440000057220459,2.450000047683716,2.4100000858306885,2.450000047683716,5.180344,0.40983566511259
2024-03-11,2.42,2.44,2.42,2.42,2.260866,-1.224489
2024-03-12,2.4200000762939453,2.450000047683716,2.4200000762939453,2.4200000762939453,6.861752,0.0
2024-03-13,2.430000066757202,2.440000057220459,2.4200000762939453,2.4200000762939453,2.794139,0.0
2024-03-14,2.440000057220459,2.450000047683716,2.4200000762939453,2.430000066757202,3.725798,0.41322273338813
2024-03-18,2.43,2.46,2.43,2.45,4.401401,0.823044
2024-03-19,2.450000047683716,2.4600000381469727,2.440000057220459,2.440000057220459,4.07822,-0.40816286810733127
2024-03-20,2.45,2.47,2.44,2.45,5.773088,0.409836
2024-03-21,2.4700000286102295,2.4700000286102295,2.4200000762939453,2.430000066757202,15.568379,-0.8163257362146625
2024-03-25,2.4600000381469727,2.4700000286102295,2.440000057220459,2.4600000381469727,5.758338,1.2345666899427288
2024-03-26,2.46,2.46,2.43,2.43,6.922334,-1.219511
2024-03-27,2.450000047683716,2.4800000190734863,2.440000057220459,2.470000028610229,8.799428,1.6460889199236384
2024-03-28,2.470000028610229,2.470000028610229,2.450000047683716,2.450000047683716,1.091763,-0.8097158176053498
2024-04-01,2.450000047683716,2.450000047683716,2.450000047683716,2.450000047683716,0.0,0.0
2024-04-02,2.450000047683716,2.450000047683716,2.430000066757202,2.430000066757202,12.718999,-0.8163257362146625
2024-04-03,2.440000057220459,2.440000057220459,2.4200000762939453,2.4200000762939453,7.6001,-0.4115222299809096
2024-04-04,2.440000057220459,2.440000057220459,2.4200000762939453,2.430000066757202,5.535396,0.41322273338813
2024-04-15,2.390000104904175,2.4200000762939453,2.380000114440918,2.4200000762939453,8.222049,-0.4115222299809096
2024-04-16,2.42,2.44,2.37,2.39,11.500709,-1.239668
2024-04-17,2.4100000858306885,2.4100000858306885,2.369999885559082,2.380000114440918,11.241748,-0.4184096244488566
2024-04-18,2.390000104904175,2.4100000858306885,2.380000114440918,2.4100000858306885,2.741275,1.260502938959629
2024-04-22,2.4000000953674316,2.4100000858306885,2.380000114440918,2.380000114440918,4.862853,-1.2448120465286205
2024-04-23,2.38,2.4,2.38,2.39,5.021694,0.420168
2024-04-24,2.380000114440918,2.390000104904175,2.359999895095825,2.369999885559082,4.874992,-0.8368292245700459
2024-04-25,2.38,2.39,2.35,2.35,10.787776,-0.843881
2024-04-29,2.369999885559082,2.380000114440918,2.3499999046325684,2.359999895095825,6.606366,0.42553152634363656
2024-04-30,2.359999895095825,2.390000104904175,2.3399999141693115,2.3499999046325684,9.111693,-0.4237284282951559
2024-05-01,2.359999895095825,2.359999895095825,2.3399999141693115,2.3399999141693115,6.804909,-0.42553152634362545
2024-05-02,2.34,2.37,2.34,2.34,2.300587,0.0
2024-05-06,2.390000104904175,2.390000104904175,2.359999895095825,2.380000114440918,2.409915,1.709410330718164
2024-05-07,2.38,2.39,2.35,2.35,3.434274,-1.260513
2024-05-08,2.359999895095825,2.380000114440918,2.3399999141693115,2.359999895095825,5.795505,0.4255315263436365
2024-05-09,2.3499999046325684,2.369999885559082,2.3399999141693115,2.3399999141693115,4.541924,-0.8474568565903118
2024-05-13,2.359999895095825,2.369999885559082,2.3499999046325684,2.359999895095825,3.870382,0.8547000709448138
2024-05-14,2.359999895095825,2.380000114440918,2.3499999046325684,2.369999885559082,7.02972,0.4237284282951448
2024-05-15,2.369999885559082,2.369999885559082,2.3399999141693115,2.3399999141693115,6.162527,-1.265821638750564
2024-05-16,2.35,2.36,2.34,2.35,1.647476,0.42735
2024-05-20,2.319999933242798,2.3299999237060547,2.289999961853028,2.299999952316284,7.902264,-2.127657631718149
2024-05-21,2.299999952316284,2.309999942779541,2.2899999618530273,2.299999952316284,8.345291,0.0
2024-05-22,2.299999952316284,2.309999942779541,2.289999961853028,2.299999952316284,6.636208,0.0
2024-05-23,2.319999933242798,2.319999933242798,2.2799999713897705,2.2899999618530273,8.556011,-0.4347822030685733
2024-05-27,2.299999952316284,2.309999942779541,2.2799999713897705,2.2799999713897705,3.92091,-0.4366808135300104
2024-05-28,2.2899999618530273,2.309999942779541,2.2699999809265137,2.2699999809265137,5.757961,-0.43859607845351256
2024-05-29,2.27,2.29,2.26,2.26,7.460385,-0.440528
2024-05-30,2.28,2.28,2.25,2.26,6.701007,0.0
2024-06-03,2.2899999618530273,2.299999952316284,2.2699999809265137,2.2799999713897705,3.121509,0.8849549119871458
2024-06-04,2.299999952316284,2.299999952316284,2.259999990463257,2.2799999713897705,8.379188,0.0
2024-06-05,2.29,2.29,2.26,2.26,8.793859,-0.877192
2024-06-06,2.2699999809265137,2.2799999713897705,2.259999990463257,2.259999990463257,4.058168,0.0
2024-06-10,2.2699999809265137,2.2799999713897705,2.25,2.25,8.40104,-0.4424774559935729
2024-06-11,2.259999990463257,2.2699999809265137,2.25,2.2699999809265137,2.68678,0.8888880411783928
2024-06-12,2.25,2.2699999809265137,2.25,2.25,4.343148,-0.8810564358837869
2024-06-13,2.25,2.2699999809265137,2.240000009536743,2.25,5.080598,0.0
2024-06-20,2.25,2.259999990463257,2.240000009536743,2.240000009536743,2.959956,-0.4444440205891964
2024-06-24,2.220000028610229,2.2300000190734863,2.2100000381469727,2.2300000190734863,3.297958,-0.4464281437804529
2024-06-25,2.2300000190734863,2.240000009536743,2.200000047683716,2.2100000381469727,9.78391,-0.8968601235628371
2024-06-26,2.2300000190734863,2.2300000190734863,2.2100000381469727,2.2300000190734863,3.420191,0.9049764968910744
2024-06-27,2.240000009536743,2.240000009536743,2.2100000381469727,2.2100000381469727,2.345165,-0.8968601235628371
2024-07-01,2.22,2.24,2.21,2.24,5.116642,1.357465
2024-07-02,2.240000009536743,2.289999961853028,2.240000009536743,2.2799999713897705,18.113079,1.7857125751218117
2024-07-03,2.240000009536743,2.289999961853028,2.240000009536743,2.2799999713897705,18.113079,0.0
2024-07-04,2.299999952316284,2.309999942779541,2.2899999618530273,2.299999952316284,4.978035,0.8771921569070251
2024-07-08,2.319999933242798,2.319999933242798,2.299999952316284,2.319999933242798,4.174733,0.8695644061371466
2024-07-09,2.319999933242798,2.3299999237060547,2.2899999618530273,2.299999952316284,18.392121,-0.8620681681899223
2024-07-10,2.299999952316284,2.319999933242798,2.299999952316284,2.309999942779541,3.852798,0.4347822030685622
2024-07-11,2.319999933242798,2.319999933242798,2.309999942779541,2.319999933242798,1.611718,0.43290003077767203
2024-07-15,2.319999933242798,2.3299999237060547,2.289999961853028,2.309999942779541,6.169648,-0.4310340840949611
2024-07-16,2.309999942779541,2.319999933242798,2.299999952316284,2.309999942779541,7.070097,0.0
2024-07-17,2.309999942779541,2.3299999237060547,2.299999952316284,2.319999933242798,6.240656,0.432900030777672
2024-07-18,2.319999933242798,2.3299999237060547,2.319999933242798,2.319999933242798,11.567895,0.0
2024-07-22,2.3299999237060547,2.369999885559082,2.3299999237060547,2.369999885559082,4.45365,2.1551704204748168
2024-07-23,2.3499999046325684,2.390000104904175,2.3499999046325684,2.380000114440918,3.766423,0.42195060610632495
2024-07-24,2.380000114440918,2.390000104904175,2.369999885559082,2.390000104904175,5.081198,0.4201676463198689
2024-07-25,2.390000104904175,2.4000000953674316,2.359999895095825,2.4000000953674316,4.9502,0.41840962444885665
2024-07-29,2.359999895095825,2.390000104904175,2.3499999046325684,2.380000114440918,5.106208,-0.8333325054910801
2024-07-30,2.380000114440918,2.4000000953674316,2.299999952316284,2.3399999141693115,11.261535,-1.6806806028663912
2024-07-31,2.3499999046325684,2.380000114440918,2.3499999046325684,2.380000114440918,10.349889,1.709410330718164
2024-08-01,2.380000114440918,2.380000114440918,2.359999895095825,2.369999885559082,6.246488,-0.42017766390675115
2024-08-05,2.359999895095825,2.359999895095825,2.2799999713897705,2.2899999618530273,7.922217,-3.3755243700015036
2024-08-06,2.2899999618530273,2.4100000858306885,2.2899999618530273,2.4100000858306885,33.85913,5.24018017365202
2024-08-07,2.4,2.41,2.36,2.39,7.593146,-0.829875
2024-08-08,2.35,2.39,2.35,2.39,1.107047,0.0
2024-08-12,2.369999885559082,2.390000104904175,2.359999895095825,2.390000104904175,3.502827,0.0
2024-08-13,2.39,2.39,2.37,2.37,9.042086,-0.836829
2024-08-14,2.380000114440918,2.390000104904175,2.369999885559082,2.380000114440918,6.462319,0.4219506061063249
2024-08-15,2.39,2.41,2.38,2.4,3.079898,0.840335
2024-08-19,2.400000095367432,2.430000066757202,2.400000095367432,2.4100000858306885,4.122478,0.4166662527455456
2024-08-20,2.4100000858306885,2.4200000762939453,2.4100000858306885,2.4200000762939453,0.771969,0.4149373488428809
2024-08-21,2.4100000858306885,2.4200000762939453,2.4100000858306885,2.4200000762939453,1.127138,0.0
2024-08-22,2.4200000762939453,2.430000066757202,2.4100000858306885,2.4100000858306885,3.173277,-0.4132227333881411
2024-08-26,2.4200000762939453,2.430000066757202,2.4100000858306885,2.4200000762939453,5.254944,0.4149373488428809
2024-08-27,2.41,2.43,2.41,2.42,2.295275,0.0
2024-08-28,2.4100000858306885,2.430000066757202,2.4000000953674316,2.4100000858306885,4.682432,-0.4132227333881411
2024-08-29,2.41,2.42,2.39,2.39,6.366183,-0.829875
2024-09-02,2.390000104904175,2.4000000953674316,2.369999885559082,2.369999885559082,7.745605,-0.8368292245700459
2024-09-03,2.380000114440918,2.390000104904175,2.359999895095825,2.359999895095825,3.190493,-0.42194054625018795
2024-09-04,2.369999885559082,2.369999885559082,2.3499999046325684,2.3499999046325684,3.535009,-0.4237284282951559
2024-09-05,2.3499999046325684,2.400000095367432,2.3499999046325684,2.380000114440918,4.935118,1.27660472450275
2024-09-09,2.359999895095825,2.4000000953674316,2.3499999046325684,2.390000104904175,3.097867,0.4201676463198689
2024-09-10,2.400000095367432,2.4100000858306885,2.390000104904175,2.390000104904175,4.957327,0.0
2024-09-11,2.4000000953674316,2.4100000858306885,2.390000104904175,2.4000000953674316,3.322473,0.41840962444885665
2024-09-12,2.400000095367432,2.4200000762939453,2.400000095367432,2.4200000762939453,2.757568,0.833332505491069
2024-09-16,2.400000095367432,2.4200000762939453,2.390000104904175,2.400000095367432,3.045336,-0.8264454667762711
2024-09-17,2.400000095367432,2.4100000858306885,2.380000114440918,2.390000104904175,2.50713,-0.4166662527455345
2024-09-18,2.400000095367432,2.4200000762939453,2.390000104904175,2.4100000858306885,4.271934,0.8368192488977133
2024-09-19,2.4100000858306885,2.4800000190734863,2.4000000953674316,2.4600000381469727,25.590362,2.07468674421436
2024-09-23,2.490000009536743,2.509999990463257,2.4800000190734863,2.490000009536743,10.975212,1.2195110131936635
2024-09-24,2.49,2.51,2.48,2.5,5.295658,0.401606
2024-09-25,2.5,2.5199999809265137,2.490000009536743,2.5199999809265137,6.869916,0.7999992370605558
2024-09-26,2.5299999713897705,2.569999933242798,2.5199999809265137,2.559999942779541,21.125767,1.587300085546861
2024-09-30,2.549999952316284,2.549999952316284,2.5,2.549999952316284,11.532786,-0.3906246362021082
2024-10-01,2.549999952316284,2.549999952316284,2.5,2.5,8.679399,-1.960782480441492
2024-10-02,2.490000009536743,2.490000009536743,2.4600000381469727,2.490000009536743,3.59289,-0.3999996185302779
2024-10-03,2.490000009536743,2.490000009536743,2.450000047683716,2.4600000381469727,4.357986,-1.20481812348876
2024-10-07,2.4800000190734863,2.4800000190734863,2.4800000190734863,2.4800000190734863,0.0,0.8130073421291018
2024-10-08,2.470000028610229,2.5,2.4600000381469727,2.5,10.07895,0.8064508376086854
2024-10-09,2.5,2.51,2.49,2.5,7.070796,0.0
2024-10-10,2.5,2.51,2.49,2.51,3.032215,0.4
2024-10-14,2.5,2.5299999713897705,2.4800000190734863,2.5199999809265137,6.329834,0.3984059960657982
2024-10-15,2.5299999713897705,2.549999952316284,2.5,2.509999990463257,13.511585,-0.39682502138671527
2024-10-16,2.509999990463257,2.509999990463257,2.509999990463257,2.509999990463257,0.0,0.0
2024-10-17,2.4600000381469727,2.4600000381469727,2.430000066757202,2.440000057220459,6.367805,-2.788841972460654
2024-10-21,2.4700000286102295,2.4700000286102295,2.450000047683716,2.4700000286102295,2.209089,1.229506995337748
2024-10-22,2.4600000381469727,2.4700000286102295,2.440000057220459,2.440000057220459,1.285709,-1.2145737264080192
2024-10-23,2.450000047683716,2.4600000381469727,2.440000057220459,2.450000047683716,1.516154,0.40983566511259
2024-10-24,2.4600000381469727,2.4600000381469727,2.440000057220459,2.440000057220459,9.883483,-0.40816286810733127
2024-10-28,2.450000047683716,2.4800000190734863,2.450000047683716,2.4800000190734863,4.019005,1.6393426604503158
2024-10-29,2.4800000190734863,2.5,2.4700000286102295,2.5,6.344693,0.8064508376086854
2024-10-30,2.490000009536743,2.5,2.470000028610229,2.5,11.439521,0.0
2024-10-31,2.490000009536743,2.549999952316284,2.4800000190734863,2.490000009536743,18.21501,-0.3999996185302779
2024-11-04,2.5,2.5199999809265137,2.4800000190734863,2.4800000190734863,2.05266,-0.4016060411629163
2024-11-05,2.490000009536743,2.5,2.4700000286102295,2.490000009536743,2.866221,0.4032254188043316
2024-11-06,2.490000009536743,2.490000009536743,2.490000009536743,2.490000009536743,0.0,0.0
2024-11-07,2.53,2.53,2.5,2.51,4.920063,0.803212
2024-11-11,2.5199999809265137,2.5199999809265137,2.470000028610229,2.490000009536743,2.34038,-0.7968119921316186
2024-11-12,2.4800000190734863,2.5,2.4700000286102295,2.490000009536743,10.363062,0.0
2024-11-13,2.490000009536743,2.509999990463257,2.4700000286102295,2.490000009536743,5.844727,0.0
2024-11-14,2.5,2.5,2.4600000381469727,2.4600000381469727,4.633102,-1.20481812348876
2024-11-18,2.49,2.49,2.47,2.48,3.635734,0.813007
2024-11-19,2.490000009536743,2.5,2.470000028610229,2.4800000190734863,4.812471,0.0
2024-11-20,2.490000009536743,2.5,2.470000028610229,2.4800000190734863,4.812471,0.0
2024-11-21,2.4800000190734863,2.490000009536743,2.470000028610229,2.490000009536743,4.052345,0.4032254188043316
2024-11-25,2.4800000190734863,2.490000009536743,2.470000028610229,2.490000009536743,9.583285,0.0
2024-11-26,2.48,2.5,2.47,2.5,6.124959,0.401606
2024-11-27,2.5,2.5899999141693115,2.490000009536743,2.549999952316284,43.990042,1.9999980926513672
2024-11-28,2.549999952316284,2.640000104904175,2.5399999618530273,2.630000114440918,43.862736,3.137261318454776
2024-12-02,2.64,2.64,2.64,2.64,0.0,0.380228
2024-12-03,2.640000104904175,2.640000104904175,2.640000104904175,2.640000104904175,0.0,0.0
2024-12-04,2.640000104904175,2.690000057220459,2.609999895095825,2.690000057220459,34.494864,1.8939375124797264
2024-12-05,2.69,2.72,2.67,2.72,31.819601,1.115241
2024-12-09,2.799999952316284,2.859999895095825,2.7300000190734863,2.819999933242798,38.554338,3.6764670434089153
2024-12-10,2.83,2.83,2.72,2.76,17.581484,-2.127658
2024-12-11,2.759999990463257,2.7699999809265137,2.680000066757202,2.720000028610229,13.803966,-1.4492739851898917
2024-12-12,2.720000028610229,2.720000028610229,2.619999885559082,2.640000104904175,15.308065,-2.9411736347271344
2024-12-16,2.630000114440918,2.7100000381469727,2.630000114440918,2.680000066757202,14.797196,1.5151500099837678
2024-12-17,2.680000066757202,2.690000057220459,2.619999885559082,2.6700000762939453,5.214799,-0.37313396321504433
2024-12-18,2.67,2.71,2.65,2.68,4.646603,0.374531
2024-12-19,2.7100000381469727,2.7200000286102295,2.680000066757202,2.7100000381469727,10.268581,1.1194018896451219
2024-12-23,2.7300000190734863,2.740000009536743,2.700000047683716,2.7300000190734863,8.262077,0.7380066658666529
2024-12-24,2.7300000190734863,2.740000009536743,2.700000047683716,2.7300000190734863,5.473911,0.0
2024-12-25,2.720000028610229,2.740000009536743,2.7100000381469727,2.7300000190734863,1.892193,0.0
2024-12-26,2.73,2.77,2.73,2.77,4.916752,1.4652
2024-12-30,2.7799999713897705,2.8299999237060547,2.7699999809265137,2.8299999237060547,17.120806,2.166062931143853
2024-12-31,2.819999933242798,2.8499999046325684,2.799999952316284,2.8399999141693115,19.324347,0.3533565629981083
2025-01-02,2.8399999141693115,2.8399999141693115,2.799999952316284,2.8299999237060547,4.421866,-0.3521123508970825
2025-01-06,2.859999895095825,2.890000104904175,2.8399999141693115,2.880000114440918,14.819144,1.766791239675558
2025-01-07,2.880000114440918,2.880000114440918,2.799999952316284,2.809999942779541,12.404425,-2.430561419438204
2025-01-08,2.809999942779541,2.819999933242798,2.789999961853028,2.799999952316284,2.952749,-0.3558715539817902
2025-01-09,2.7899999618530273,2.8499999046325684,2.7899999618530273,2.8399999141693115,10.253199,1.4285700905079413
2025-01-13,2.809999942779541,2.859999895095825,2.809999942779541,2.8299999237060547,7.85107,-0.3521123508970825
2025-01-14,2.8299999237060547,2.880000114440918,2.819999933242798,2.859999895095825,14.132161,1.060069688994325
2025-01-15,2.8499999046325684,2.8499999046325684,2.809999942779541,2.819999933242798,12.222253,-1.3986001160915085
2025-01-16,2.819999933242798,2.819999933242798,2.700000047683716,2.7100000381469727,67.416488,-3.900705592192455
2025-01-20,2.6500000953674316,2.680000066757202,2.559999942779541,2.569999933242798,24.600221,-5.1660554588000345
2025-01-21,2.5799999237060547,2.640000104904175,2.5799999237060547,2.609999895095825,16.683503,1.556418789573888
2025-01-22,2.619999885559082,2.6700000762939453,2.5999999046325684,2.5999999046325684,13.097316,-0.3831414124593202
2025-01-23,2.609999895095825,2.650000095367432,2.5999999046325684,2.609999895095825,6.14189,0.3846150319251729
2025-01-27,2.5899999141693115,2.5999999046325684,2.559999942779541,2.559999942779541,7.263242,-1.91570706229659
2025-01-28,2.569999933242798,2.619999885559082,2.569999933242798,2.5899999141693115,4.204654,1.1718739086063357
2025-01-29,2.609999895095825,2.609999895095825,2.5799999237060547,2.5999999046325684,4.618081,0.3861000306814244
2025-01-30,2.5999999046325684,2.5999999046325684,2.549999952316284,2.559999942779541,5.722423,-1.5384601277006582
2025-02-03,2.549999952316284,2.619999885559082,2.5299999713897705,2.619999885559082,14.740859,2.3437478172126713
2025-02-04,2.62,2.67,2.62,2.67,10.756948,1.908404
2025-02-05,2.6600000858306885,2.6600000858306885,2.5999999046325684,2.6500000953674316,6.961765,-0.749062934645095
2025-02-06,2.640000104904175,2.680000066757202,2.630000114440918,2.6600000858306885,8.178631,0.3773581171086837
2025-02-10,2.6600000858306885,2.6600000858306885,2.630000114440918,2.650000095367432,2.795272,-0.3759394789693782
2025-02-11,2.640000104904175,2.6600000858306885,2.5999999046325684,2.640000104904175,6.48315,-0.3773581171086837
2025-02-12,2.640000104904175,2.640000104904175,2.569999933242798,2.5899999141693115,8.662051,-1.8939465434861469
2025-02-13,2.5899999141693115,2.7100000381469727,2.569999933242798,2.700000047683716,30.747497,4.247109542846639
2025-02-17,2.690000057220459,2.7300000190734863,2.6700000762939453,2.7300000190734863,14.753235,1.111110031850071
2025-02-18,2.7200000286102295,2.740000009536743,2.7100000381469727,2.740000009536743,8.061047,0.3663000144099149
2025-02-19,2.720000028610229,2.7300000190734863,2.6600000858306885,2.700000047683716,4.108881,-1.4598526172921569
2025-02-20,2.68,2.7,2.66,2.68,3.780195,-0.74074
2025-02-24,2.619999885559082,2.6600000858306885,2.609999895095825,2.640000104904175,7.125427,-1.492535852860155
2025-02-25,2.6500000953674316,2.6500000953674316,2.5999999046325684,2.619999885559082,2.97755,-0.7575840359983155
2025-02-26,2.640000104904175,2.6600000858306885,2.619999885559082,2.6600000858306885,3.380051,1.5267252678933252
2025-02-27,2.6500000953674316,2.6500000953674316,2.640000104904175,2.6500000953674316,0.071588,-0.3759394789693782
2025-03-03,2.619999885559082,2.619999885559082,2.5899999141693115,2.5999999046325684,5.963595,-1.8867995824705996
2025-03-04,2.609999895095825,2.619999885559082,2.5799999237060547,2.609999895095825,16.800329,0.3846150319251729
2025-03-05,2.5999999046325684,2.5999999046325684,2.5799999237060547,2.5899999141693115,4.560245,-0.7662828249186293
2025-03-06,2.5899999141693115,2.5899999141693115,2.549999952316284,2.549999952316284,4.891723,-1.544400122725742
2025-03-10,2.53,2.53,2.48,2.49,13.80487,-2.352939
2025-03-11,2.49,2.5,2.35,2.5,48.11727,0.401606
2025-03-12,2.5,2.5,2.4600000381469727,2.4800000190734863,29.039842,-0.7999992370605447
2025-03-13,2.490000009536743,2.5,2.4700000286102295,2.490000009536743,10.914259,0.4032254188043316
2025-03-17,2.490000009536743,2.490000009536743,2.4600000381469727,2.4700000286102295,3.390116,-0.8032120823258437
2025-03-18,2.4800000190734863,2.4800000190734863,2.440000057220459,2.450000047683716,4.310767,-0.8097158176053498
2025-03-19,2.4600000381469727,2.4800000190734863,2.440000057220459,2.440000057220459,10.187292,-0.40816286810733127
2025-03-20,2.45,2.48,2.44,2.47,6.134077,1.229507
2025-03-24,2.450000047683716,2.4800000190734863,2.440000057220459,2.4800000190734863,20.771618,0.40485790880266936
2025-03-25,2.4800000190734863,2.5,2.4800000190734863,2.490000009536743,8.105528,0.4032254188043316
2025-03-26,2.5,2.5199999809265137,2.4800000190734863,2.490000009536743,26.480781,0.0
2025-03-27,2.490000009536743,2.509999990463257,2.4800000190734863,2.509999990463257,15.853622,0.8032120823258326
2025-03-31,2.4700000286102295,2.4700000286102295,2.4700000286102295,2.4700000286102295,0.0,-1.5936239842632371
2025-04-01,2.47,2.47,2.47,2.47,0.0,0.0
2025-04-02,2.4800000190734863,2.4800000190734863,2.430000066757202,2.450000047683716,8.325118,-0.8097158176053498
2025-04-03,2.4600000381469727,2.4800000190734863,2.440000057220459,2.4700000286102295,23.054968,0.8163257362146625
2025-04-07,2.3399999141693115,2.4800000190734863,2.200000047683716,2.390000104904175,24.055006,-3.2388632704213998
2025-04-08,2.4100000858306885,2.4600000381469727,2.4000000953674316,2.4200000762939453,18.839872,1.25522887334657
2025-04-09,2.4000000953674316,2.430000066757202,2.380000114440918,2.4200000762939453,7.68411,0.0
2025-04-10,2.47,2.5,2.43,2.5,109.619492,3.305782
2025-04-14,2.5,2.5399999618530273,2.4700000286102295,2.5399999618530273,12.238983,1.5999984741210893
2025-04-15,2.539999961853028,2.5999999046325684,2.5299999713897705,2.5799999237060547,23.435932,1.5748016714081323
2025-04-16,2.5899999141693115,2.619999885559082,2.569999933242798,2.5999999046325684,15.14712,0.7751930820906638
2025-04-17,2.6,2.6,2.56,2.6,7.328838,0.0
2025-04-21,2.619999885559082,2.6700000762939453,2.619999885559082,2.6500000953674316,10.892369,1.9230843295715117
2025-04-22,2.650000095367432,2.650000095367432,2.650000095367432,2.650000095367432,0.0,0.0
2025-04-23,2.680000066757202,2.700000047683716,2.6700000762939453,2.700000047683716,17.761202,1.8867905855434186
2025-04-24,2.700000047683716,2.700000047683716,2.650000095367432,2.650000095367432,9.490082,-1.8518500530834592
2025-04-28,2.6700000762939453,2.700000047683716,2.6600000858306885,2.6700000762939453,14.26608,0.7547162342173674
2025-04-29,2.690000057220459,2.700000047683716,2.680000066757202,2.690000057220459,11.80788,0.749062934645095
2025-04-30,2.69,2.7,2.65,2.68,9.738484,-0.371747
2025-05-01,2.690000057220459,2.690000057220459,2.650000095367432,2.690000057220459,7.82877,0.3731339632150332
2025-05-05,2.690000057220459,2.690000057220459,2.6500000953674316,2.680000066757202,7.40833,-0.37174684946251757
2025-05-06,2.680000066757202,2.7100000381469727,2.6700000762939453,2.680000066757202,9.845407,0.0
2025-05-07,2.6700000762939453,2.690000057220459,2.630000114440918,2.630000114440918,13.053376,-1.8656698160751994
2025-05-08,2.640000104904175,2.6700000762939453,2.630000114440918,2.650000095367432,8.276391,0.7604555154464343
2025-05-12,2.6500000953674316,2.6700000762939453,2.5999999046325684,2.640000104904175,6.948839,-0.3773581171086837
2025-05-13,2.640000104904175,2.680000066757202,2.609999895095825,2.6500000953674316,17.233686,0.3787875024959364
2025-05-14,2.7,2.72,2.67,2.68,36.673704,1.132074
2025-05-15,2.690000057220459,2.7200000286102295,2.680000066757202,2.700000047683716,38.121039,0.7462679264300887
2025-05-19,2.740000009536743,2.740000009536743,2.740000009536743,2.740000009536743,0.0,1.481480042466754
2025-05-20,2.7200000286102295,2.7300000190734863,2.6700000762939453,2.6700000762939453,20.368048,-2.554742080261263
2025-05-21,2.6700000762939453,2.700000047683716,2.6500000953674316,2.690000057220459,18.474515,0.749062934645095
2025-05-22,2.680000066757202,2.690000057220459,2.6600000858306885,2.680000066757202,13.787482,-0.3717468494625175
2025-05-26,2.69,2.72,2.67,2.71,21.245604,1.119402
2025-05-27,2.720000028610229,2.740000009536743,2.700000047683716,2.7300000190734863,36.745282,0.7380066658666529
2025-05-28,2.7200000286102295,2.7300000190734863,2.680000066757202,2.700000047683716,41.686657,-1.0989000432297447
2025-05-29,2.7100000381469727,2.7100000381469727,2.6700000762939453,2.6700000762939453,46.399994,-1.111110031850071
2025-06-02,2.7200000286102295,2.7300000190734863,2.680000066757202,2.700000047683716,26.355373,1.1235944019676314
2025-06-03,2.700000047683716,2.740000009536743,2.690000057220459,2.740000009536743,9.954529,1.481480042466754
2025-06-04,2.720000028610229,2.75,2.7100000381469727,2.75,21.122729,0.3649631543230391
2025-06-05,2.75,2.75,2.75,2.75,0.0,0.0
2025-06-09,2.759999990463257,2.7799999713897705,2.75,2.759999990463257,15.084206,0.3636360168457031
2025-06-10,2.7799999713897705,2.7899999618530273,2.75,2.7899999618530273,13.987553,1.086955488892416
2025-06-11,2.7899999618530273,2.8299999237060547,2.7699999809265137,2.799999952316284,28.774785,0.358422602149977
2025-06-12,2.7699999809265137,2.7799999713897705,2.690000057220459,2.7300000190734863,32.990165,-2.4999976583889194
2025-06-16,2.720000028610229,2.789999961853028,2.700000047683716,2.789999961853028,24.864821,2.1978000864594893
2025-06-17,2.7799999713897705,2.799999952316284,2.7200000286102295,2.759999990463257,13.562419,-1.07526780644992
2025-06-18,2.75,2.759999990463257,2.7200000286102295,2.7300000190734863,8.302821,-1.086955488892416
2025-06-19,2.7200000286102295,2.740000009536743,2.6600000858306885,2.680000066757202,8.119536,-1.8315000720495744
2025-06-23,2.7100000381469727,2.720000028610229,2.680000066757202,2.700000047683716,11.55267,0.7462679264300887
2025-06-24,2.740000009536743,2.799999952316284,2.7300000190734863,2.789999961853028,13.420202,3.333330095550213
2025-06-25,2.740000009536743,2.799999952316284,2.7300000190734863,2.789999961853028,13.420202,0.0
2025-06-26,2.759999990463257,2.7899999618530273,2.759999990463257,2.7799999713897705,6.593817,-0.358422602149977
2025-06-30,2.7799999713897705,2.819999933242798,2.7799999713897705,2.819999933242798,16.505941,1.438847563477874
2025-07-01,2.819999933242798,2.819999933242798,2.759999990463257,2.759999990463257,8.231906,-2.127657595741339
2025-07-02,2.7699999809265137,2.789999961853028,2.7100000381469727,2.7100000381469727,12.347591,-1.8115924814873563
2025-07-03,2.7300000190734863,2.7799999713897705,2.720000028610229,2.7799999713897705,7.489039,2.5830233305333072
2025-07-07,2.7899999618530273,2.799999952316284,2.7799999713897705,2.7899999618530273,6.043565,0.3597118908694741
2025-07-08,2.789999961853028,2.809999942779541,2.759999990463257,2.809999942779541,17.985213,0.716845204299954
2025-07-09,2.819999933242798,2.8399999141693115,2.809999942779541,2.8299999237060547,15.687943,0.7117431079635805
2025-07-10,2.8299999237060547,2.8399999141693115,2.7799999713897705,2.789999961853028,6.18212,-1.4134262519924334
2025-07-14,2.7799999713897705,2.819999933242798,2.7699999809265137,2.819999933242798,9.510115,1.0752678064499088
2025-07-15,2.819999933242798,2.819999933242798,2.799999952316284,2.819999933242798,3.010066,0.0
2025-07-16,2.819999933242798,2.819999933242798,2.799999952316284,2.819999933242798,6.06363,0.0
2025-07-17,2.819999933242798,2.8399999141693115,2.799999952316284,2.8299999237060547,19.917107,0.3546095992902121
2025-07-21,2.8,2.8,2.76,2.78,6.634192,-1.766783
2025-07-22,2.7799999713897705,2.7899999618530273,2.75,2.7799999713897705,3.359761,0.0
2025-07-23,2.7799999713897705,2.799999952316284,2.7699999809265137,2.799999952316284,5.858007,0.7194237817389482
2025-07-24,2.799999952316284,2.809999942779541,2.7699999809265137,2.809999942779541,7.711204,0.3571425226269964
2025-07-28,2.809999942779541,2.819999933242798,2.7899999618530273,2.7899999618530273,9.028376,-0.7117431079635694
2025-07-29,2.789999961853028,2.799999952316284,2.75,2.7699999809265137,6.896105,-0.7168452042999429
2025-07-30,2.7699999809265137,2.809999942779541,2.759999990463257,2.809999942779541,4.105225,1.4440419540959093
2025-07-31,2.799999952316284,2.809999942779541,2.7699999809265137,2.7699999809265137,6.141926,-1.4234862159271389
2025-08-04,2.75,2.759999990463257,2.740000009536743,2.75,4.062006,-0.7220209770479546
2025-08-05,2.75,2.7899999618530273,2.75,2.759999990463257,8.511028,0.3636360168457031
2025-08-06,2.759999990463257,2.7699999809265137,2.7100000381469727,2.7200000286102295,8.39666,-1.4492739851898917
2025-08-07,2.73,2.74,2.72,2.73,6.400056,0.367647
2025-08-11,2.74,2.76,2.73,2.76,11.233774,1.0989
2025-08-12,2.76,2.76,2.72,2.74,11.704788,-0.724637
2025-08-13,2.740000009536743,2.75,2.720000028610229,2.7300000190734863,15.255963,-0.3649631543230391
2025-08-14,2.73,2.75,2.72,2.75,14.880341,0.7326
2025-08-18,2.740000009536743,2.759999990463257,2.7300000190734863,2.740000009536743,6.636333,-0.3636360168457031
2025-08-19,2.740000009536743,2.7699999809265137,2.7300000190734863,2.7699999809265137,11.360106,1.0948894629691175
2025-08-20,2.7699999809265137,2.7699999809265137,2.740000009536743,2.75,4.930369,-0.7220209770479546
2025-08-21,2.75,2.78,2.74,2.78,7.959873,1.090908
2025-08-25,2.7799999713897705,2.7799999713897705,2.740000009536743,2.7799999713897705,7.817265,0.0
2025-08-26,2.78,2.8,2.75,2.8,52.012132,0.719424
2025-08-27,2.799999952316284,2.799999952316284,2.7699999809265137,2.799999952316284,8.511437,0.0
2025-08-28,2.7899999618530273,2.7899999618530273,2.7699999809265137,2.7699999809265137,6.811357,-1.071427567880967
2025-09-01,2.759999990463257,2.759999990463257,2.7300000190734863,2.75,4.199592,-0.7220209770479546
2025-09-02,2.75,2.7699999809265137,2.7300000190734863,2.7699999809265137,4.350712,0.7272720336914062
2025-09-03,2.759999990463257,2.7799999713897705,2.759999990463257,2.7699999809265137,4.771458,0.0
2025-09-04,2.7699999809265137,2.7699999809265137,2.759999990463257,2.759999990463257,3.004903,-0.3610104885239718
2025-09-08,2.759999990463257,2.7699999809265137,2.7300000190734863,2.75,5.063407,-0.3623184962974757
2025-09-09,2.75,2.759999990463257,2.7300000190734863,2.740000009536743,5.075371,-0.3636360168457031
2025-09-10,2.7300000190734863,2.75,2.7300000190734863,2.740000009536743,3.078347,0.0
2025-09-11,2.740000009536743,2.75,2.7300000190734863,2.740000009536743,4.049679,0.0
2025-09-15,2.75,2.7699999809265137,2.7300000190734863,2.7300000190734863,9.631041,-0.3649631543230391
2025-09-16,2.740000009536743,2.75,2.7300000190734863,2.740000009536743,6.103809,0.3663000144099149
2025-09-17,2.740000009536743,2.759999990463257,2.7300000190734863,2.740000009536743,7.436938,0.0
2025-09-18,2.75,2.759999990463257,2.720000028610229,2.720000028610229,12.209908,-0.7299263086460783
2025-09-22,2.7300000190734863,2.75,2.720000028610229,2.75,4.199645,1.1029401130226768
2025-09-23,2.7300000190734863,2.75,2.7300000190734863,2.75,4.501271,0.0
2025-09-24,2.740000009536743,2.75,2.690000057220459,2.700000047683716,7.940465,-1.8181800842285156
2025-09-25,2.700000047683716,2.7200000286102295,2.6600000858306885,2.6600000858306885,8.805721,-1.4814800424667651
2025-09-29,2.7200000286102295,2.7300000190734863,2.7100000381469727,2.7300000190734863,4.041033,2.631576352785636
2025-09-30,2.7300000190734863,2.740000009536743,2.7100000381469727,2.7100000381469727,6.569543,-0.7326000288198298
2025-10-01,2.7100000381469727,2.7200000286102295,2.690000057220459,2.690000057220459,5.079646,-0.738006665866664
2025-10-02,2.690000057220459,2.740000009536743,2.680000066757202,2.740000009536743,9.250513,1.8587342473125543
2025-10-06,2.740000009536743,2.740000009536743,2.7200000286102295,2.740000009536743,4.07973,0.0
2025-10-07,2.75,2.759999990463257,2.7300000190734863,2.7300000190734863,4.682915,-0.36496315432303916
2025-10-08,2.740000009536743,2.75,2.7200000286102295,2.740000009536743,6.503975,0.3663000144099149
2025-10-09,2.740000009536743,2.740000009536743,2.720000028610229,2.740000009536743,8.146116,0.0
2025-10-13,2.740000009536743,2.740000009536743,2.7100000381469727,2.7300000190734863,9.385604,-0.36496315432303916
2025-10-14,2.7300000190734863,2.759999990463257,2.720000028610229,2.759999990463257,6.589392,1.0989000432297449
2025-10-15,2.7699999809265137,2.819999933242798,2.759999990463257,2.819999933242798,21.012063,2.173910977784832
2025-10-16,2.740000009536743,2.75,2.7300000190734863,2.7300000190734863,6.503798,-3.1914863936120086
2025-10-20,2.75,2.759999990463257,2.740000009536743,2.740000009536743,5.677549,0.3663000144099149
2025-10-21,2.7300000190734863,2.759999990463257,2.7200000286102295,2.759999990463257,8.034664,0.7299263086460783
2025-10-22,2.759999990463257,2.7799999713897705,2.75,2.7799999713897705,10.2419,0.7246369925949514
2025-10-23,2.7699999809265137,2.7799999713897705,2.759999990463257,2.7799999713897705,5.382324,0.0
2025-10-27,2.799999952316284,2.799999952316284,2.7799999713897705,2.799999952316284,4.840706,0.7194237817389482
2025-10-28,2.799999952316284,2.799999952316284,2.799999952316284,2.799999952316284,0.0,0.0
2025-10-29,2.819999933242798,2.8299999237060547,2.799999952316284,2.809999942779541,9.099457,0.3571425226269964
2025-10-30,2.809999942779541,2.8499999046325684,2.799999952316284,2.8499999046325684,15.881751,1.4234862159271389
2025-11-03,2.7799999713897705,2.789999961853028,2.7300000190734863,2.740000009536743,10.084991,-3.8596455711112254
2025-11-04,2.740000009536743,2.7799999713897705,2.7100000381469727,2.720000028610229,8.552209,-0.7299263086460783
2025-11-05,2.7200000286102295,2.7699999809265137,2.7200000286102295,2.7699999809265137,10.784058,1.8382335217044687
2025-11-06,2.7699999809265137,2.7699999809265137,2.740000009536743,2.740000009536743,5.41051,-1.0830314655719264
2025-11-10,2.7899999618530273,2.819999933242798,2.75,2.75,6.289668,0.36496315432303916
2025-11-11,2.759999990463257,2.759999990463257,2.740000009536743,2.740000009536743,5.53663,-0.3636360168457031
2025-11-12,2.7799999713897705,2.799999952316284,2.75,2.75,5.801933,0.3649631543230391
2025-11-13,2.759999990463257,2.7699999809265137,2.75,2.75,4.487277,0.0
2025-11-17,2.740000009536743,2.759999990463257,2.7300000190734863,2.759999990463257,3.518805,0.3636360168457031
2025-11-18,2.76,2.76,2.74,2.74,4.080019,-0.724637
2025-11-19,2.740000009536743,2.75,2.6700000762939453,2.6700000762939453,10.428603,-2.554742080261263
2025-11-20,2.67,2.7,2.67,2.67,3.095527,0.0
2025-11-24,2.6700000762939453,2.6700000762939453,2.6700000762939453,2.6700000762939453,0.0,0.0
2025-11-25,2.700000047683716,2.7100000381469727,2.6600000858306885,2.6700000762939453,11.005833,0.0
2025-11-26,2.6700000762939453,2.690000057220459,2.640000104904175,2.690000057220459,8.088821,0.749062934645095
2025-11-27,2.700000047683716,2.700000047683716,2.6600000858306885,2.680000066757202,4.110379,-0.37174684946251757
2025-12-01,2.7300000190734863,2.7300000190734863,2.7300000190734863,2.7300000190734863,0.0,1.8656698160751883
2025-12-02,2.7300000190734863,2.7300000190734863,2.7300000190734863,2.7300000190734863,0.0,0.0
2025-12-03,2.740000009536743,2.7799999713897705,2.7100000381469727,2.7200000286102295,8.552209,-0.3663000144099149
2025-12-04,2.76,2.8,2.74,2.77,9.728339,1.838234
2025-12-08,2.7300000190734863,2.7699999809265137,2.7100000381469727,2.7699999809265137,5.154245,0.0
2025-12-09,2.789999961853028,2.789999961853028,2.75,2.789999961853028,7.0836,0.7220209770479435
2025-12-10,2.789999961853028,2.799999952316284,2.7699999809265137,2.789999961853028,5.590069,0.0
2025-12-11,2.79,2.8,2.77,2.8,7.513827,0.358423
2025-12-15,2.7899999618530273,2.7899999618530273,2.75,2.759999990463257,7.817821,-1.4285700905079524
2025-12-16,2.759999990463257,2.799999952316284,2.740000009536743,2.799999952316284,13.040733,1.4492739851898806
2025-12-17,2.799999952316284,2.809999942779541,2.7899999618530273,2.809999942779541,6.008486,0.3571425226269964
2025-12-18,2.81,2.81,2.79,2.81,4.664794,0.0
2025-12-22,2.890000104904175,2.890000104904175,2.799999952316284,2.819999933242798,9.699407,0.35587155398177917
2025-12-23,2.819999933242798,2.859999895095825,2.819999933242798,2.8399999141693115,5.747888,0.7092191985804464
2025-12-24,2.8399999141693115,2.8399999141693115,2.799999952316284,2.809999942779541,4.464568,-1.0563370526912583
2025-12-25,2.809999942779541,2.809999942779541,2.7899999618530273,2.799999952316284,2.793126,-0.35587155398179027
2025-12-29,2.7899999618530273,2.819999933242798,2.7899999618530273,2.819999933242798,4.785091,0.7142850452539706
2025-12-30,2.809999942779541,2.809999942779541,2.75,2.759999990463257,9.187998,-2.127657595741339
2025-12-31,2.759999990463257,2.809999942779541,2.759999990463257,2.7699999809265137,4.368173,0.3623184962974646
2026-01-05,2.789999961853028,2.819999933242798,2.759999990463257,2.819999933242798,7.860121,1.805052442619881
2026-01-06,2.819999933242798,2.8499999046325684,2.809999942779541,2.8399999141693115,7.459509,0.7092191985804464
2026-01-07,2.8399999141693115,2.8499999046325684,2.819999933242798,2.8399999141693115,5.875663,0.0
2026-01-08,2.8399999141693115,2.8499999046325684,2.819999933242798,2.8399999141693115,4.31025,0.0
2026-01-12,2.8499999046325684,2.8499999046325684,2.809999942779541,2.8299999237060547,4.615053,-0.3521123508970825
2026-01-13,2.8299999237060547,2.9000000953674316,2.819999933242798,2.890000104904175,19.931843,2.1201478026736664
2026-01-14,2.890000104904175,2.9700000286102295,2.890000104904175,2.9100000858306885,29.320975,0.6920408373887188
2026-01-15,2.9100000858306885,2.9600000381469727,2.9100000858306885,2.940000057220459,11.946967,1.0309268214748757
2026-01-19,2.9600000381469727,3.0,2.950000047683716,3.0,10.66191,2.040814340536645
2026-01-20,3.0,3.059999942779541,2.9800000190734863,3.0299999713897705,15.058329,0.9999990463256836
2026-01-21,3.0299999713897705,3.049999952316284,3.0199999809265137,3.049999952316284,9.460744,0.6600653833452208
2026-01-22,3.049999952316284,3.119999885559082,3.0299999713897705,3.0999999046325684,17.359629,1.6393427245240622
2026-01-26,3.059999942779541,3.0999999046325684,2.9800000190734863,3.0999999046325684,11.274778,0.0
2026-01-27,3.0999999046325684,3.150000095367432,3.049999952316284,3.049999952316284,17.055041,-1.6129017372408794
2026-01-28,3.059999942779541,3.0899999141693115,3.039999961853028,3.059999942779541,7.870047,0.327868544904808
2026-01-29,3.059999942779541,3.059999942779541,3.0199999809265137,3.049999952316284,5.807191,-0.326797080073582
2026-02-02,3.0,3.059999942779541,2.990000009536743,3.059999942779541,5.483752,0.327868544904808
2026-02-03,3.069999933242798,3.0899999141693115,3.049999952316284,3.069999933242798,8.25395,0.3267970800735931
2026-02-04,3.0799999237060547,3.109999895095825,3.0799999237060547,3.0999999046325684,4.718887,0.9771977863882952
2026-02-05,3.0999999046325684,3.0999999046325684,3.069999933242798,3.069999933242798,6.311652,-0.9677410423445276
2026-02-09,3.109999895095825,3.140000104904175,3.0999999046325684,3.119999885559082,9.534171,1.6286629773138106
2026-02-10,3.119999885559082,3.140000104904175,3.109999895095825,3.130000114440918,6.820188,0.32052016822570195
2026-02-11,3.069999933242798,3.069999933242798,2.9600000381469727,3.059999942779541,28.453961,-2.236427127859076
2026-02-12,3.03,3.09,3.02,3.09,11.429389,0.980391
2026-02-16,3.0999999046325684,3.0999999046325684,3.0199999809265137,3.0299999713897705,4.783105,-1.9417457749564604
2026-02-17,3.0299999713897705,3.049999952316284,3.0,3.0399999618530273,4.778266,0.3300326916725993
2026-02-18,3.009999990463257,3.059999942779541,2.990000009536743,3.059999942779541,4.458499,0.6578941176802688
2026-02-19,3.059999942779541,3.059999942779541,3.009999990463257,3.0299999713897705,8.599092,-0.980391240220746
2026-02-23,3.009999990463257,3.059999942779541,3.009999990463257,3.049999952316284,5.409684,0.6600653833452208
2026-02-24,3.039999961853028,3.059999942779541,3.0299999713897705,3.059999942779541,8.0422,0.327868544904808
2026-02-25,3.039999961853028,3.0799999237060547,3.009999990463257,3.0299999713897705,6.964205,-0.980391240220746
2026-02-26,3.0199999809265137,3.049999952316284,2.990000009536743,3.0399999618530273,9.288511,0.3300326916725993
2026-03-02,3.0,3.0,3.0,3.0,0.0,-1.3157882353605488
2026-03-03,3.0,3.0,3.0,3.0,0.0,0.0
2026-03-04,2.8499999046325684,2.9000000953674316,2.8499999046325684,2.8499999046325684,12.351116,-5.000003178914392
2026-03-05,2.75,3.0,2.75,3.0,26.958151,5.263161417079765
2026-03-09,2.7200000286102295,2.869999885559082,2.7200000286102295,2.869999885559082,12.982569,-4.333337148030603
2026-03-10,2.869999885559082,2.940000057220459,2.809999942779541,2.890000104904175,16.562838,0.6968717819721082
2026-03-11,2.9000000953674316,2.930000066757202,2.7899999618530273,2.869999885559082,7.947887,-0.6920490871662466
2026-03-12,2.799999952316284,2.799999952316284,2.7300000190734863,2.7300000190734863,18.492937,-4.87804432292942
2026-03-16,2.650000095367432,2.690000057220459,2.549999952316284,2.6700000762939453,18.111755,-2.1978000864594893
2026-03-17,2.6700000762939453,2.7699999809265137,2.6600000858306885,2.7200000286102295,9.794709,1.8726573366127264
2026-03-18,2.7699999809265137,2.799999952316284,2.6700000762939453,2.6700000762939453,29.298255,-1.8382335217044576
2026-03-19,2.6700000762939453,2.6700000762939453,2.6700000762939453,2.6700000762939453,0.0,0.0
2026-03-24,2.7300000190734863,2.799999952316284,2.700000047683716,2.7200000286102295,14.056433,1.8726573366127264
2026-03-25,2.75,2.869999885559082,2.75,2.75,14.355726,1.1029401130226768
2026-03-26,2.75,2.7699999809265137,2.640000104904175,2.640000104904175,9.600249,-3.9999961853027344
2026-03-30,2.6600000858306885,2.7100000381469727,2.630000114440918,2.640000104904175,10.738236,0.0
2026-03-31,2.640000104904175,2.700000047683716,2.640000104904175,2.690000057220459,10.299369,1.8939375124797264
2026-04-01,2.690000057220459,2.7200000286102295,2.619999885559082,2.700000047683716,11.025347,0.37174684946250647
2026-04-02,2.700000047683716,2.700000047683716,2.650000095367432,2.6700000762939453,7.928932,-1.111110031850071
2026-04-06,2.720000028610229,2.740000009536743,2.680000066757202,2.680000066757202,4.254135,0.3745314673225364
2026-04-07,2.680000066757202,2.720000028610229,2.640000104904175,2.640000104904175,7.951949,-1.492535852860155
2026-04-08,2.7799999713897705,3.0299999713897705,2.7699999809265137,2.8499999046325684,23.015133,7.954537552414842
2026-04-09,2.8399999141693115,2.8399999141693115,2.75,2.809999942779541,23.248087,-1.403507480404087
2026-04-13,2.759999990463257,2.7799999713897705,2.700000047683716,2.75,8.783213,-2.1352293238907083
2026-04-14,2.75,2.789999961853028,2.720000028610229,2.720000028610229,12.516231,-1.0909080505371094
2026-04-15,2.7300000190734863,2.7799999713897705,2.7300000190734863,2.7799999713897705,15.587181,2.2058802260453536
2026-04-16,2.7799999713897705,2.8299999237060547,2.75,2.75,12.967495,-1.0791356726084111
2026-04-20,2.76,2.76,2.72,2.74,4.377505,-0.363636
2026-04-21,2.75,2.759999990463257,2.7100000381469727,2.7200000286102295,7.301277,-0.7299263086460783
2026-04-22,2.7200000286102295,2.75,2.6700000762939453,2.6700000762939453,7.422737,-1.8382335217044576
2026-04-23,2.700000047683716,2.700000047683716,2.640000104904175,2.680000066757202,6.685739,0.3745314673225364
2026-04-27,2.7100000381469727,2.7300000190734863,2.680000066757202,2.680000066757202,5.741091,0.0
2026-04-28,2.690000057220459,2.700000047683716,2.680000066757202,2.680000066757202,6.775781,0.0
2026-04-29,2.700000047683716,2.7100000381469727,2.6700000762939453,2.680000066757202,4.760615,0.0
2026-04-30,2.680000066757202,2.700000047683716,2.6500000953674316,2.6500000953674316,6.007863,-1.1194018896451219
2026-05-04,2.6600000858306885,2.720000028610229,2.6600000858306885,2.7100000381469727,9.035791,2.2641487026521023
2026-05-05,2.690000057220459,2.700000047683716,2.6500000953674316,2.700000047683716,4.194819,-0.36900333293332643
2026-05-06,2.700000047683716,2.740000009536743,2.690000057220459,2.7300000190734863,6.445038,1.111110031850071
2026-05-07,2.7300000190734863,2.7699999809265137,2.7300000190734863,2.740000009536743,15.085145,0.3663000144099149
2026-05-11,2.7300000190734863,2.7300000190734863,2.690000057220459,2.700000047683716,5.41679,-1.4598526172921569
2026-05-12,2.7300000190734863,2.880000114440918,2.690000057220459,2.7799999713897705,22.84558,2.9629600849335302
2026-05-13,2.789999961853028,2.789999961853028,2.7100000381469727,2.759999990463257,7.115462,-0.7194237817389371
2026-05-14,2.759999990463257,2.7699999809265137,2.690000057220459,2.7100000381469727,8.804794,-1.8115924814873563
2026-05-18,2.680000066757202,2.700000047683716,2.6500000953674316,2.6600000858306885,4.08847,-1.8450166646666433
2026-05-19,2.6700000762939453,2.690000057220459,2.630000114440918,2.630000114440918,14.45853,-1.1278184369081234
2026-05-20,2.6500000953674316,2.6500000953674316,2.619999885559082,2.619999885559082,7.595565,-0.3802368230680364
2026-05-21,2.630000114440918,2.640000104904175,2.619999885559082,2.630000114440918,9.718875,0.3816881419329565
2026-05-25,2.640000104904175,2.6700000762939453,2.609999895095825,2.609999895095825,38.370441,-0.7604645807912647
2026-05-26,2.609999895095825,2.609999895095825,2.609999895095825,2.609999895095825,0.0,0.0
2026-05-27,2.609999895095825,2.609999895095825,2.609999895095825,2.609999895095825,0.0,0.0
2026-05-28,2.609999895095825,2.609999895095825,2.609999895095825,2.609999895095825,0.0,0.0
2026-06-01,2.609999895095825,2.640000104904175,2.5999999046325684,2.5999999046325684,21.67438,-0.3831414124593202
2026-06-02,2.5899999141693115,2.609999895095825,2.549999952316284,2.559999942779541,16.514916,-1.5384601277006582
2026-06-03,2.559999942779541,2.5899999141693115,2.4700000286102295,2.549999952316284,21.552969,-0.3906246362021082
2026-06-04,2.549999952316284,2.5899999141693115,2.549999952316284,2.569999933242798,7.913048,0.7843129921766057
2026-06-08,2.5899999141693115,2.609999895095825,2.569999933242798,2.5899999141693115,7.30323,0.778209394786944
2026-06-09,2.6,2.65,2.6,2.64,11.977859,1.930509
2026-06-10,2.640000104904175,2.6600000858306885,2.630000114440918,2.6600000858306885,8.43581,0.757575004991895
2026-06-11,2.66,2.67,2.63,2.65,8.054661,-0.375939
2026-06-16,2.75,2.7699999809265137,2.740000009536743,2.75,32.035659,3.773581171086837
2026-06-17,2.759999990463257,2.7799999713897705,2.740000009536743,2.7799999713897705,11.40622,1.0909080505371094
2026-06-18,2.7899999618530273,2.8299999237060547,2.7799999713897705,2.819999933242798,17.331734,1.4388475634778741
2026-06-22,2.809999942779541,2.890000104904175,2.809999942779541,2.869999885559082,11.236276,1.7730479964511048
2026-06-23,2.869999885559082,2.880000114440918,2.8399999141693115,2.8499999046325684,8.727932,-0.6968634747042013
2026-06-24,2.8499999046325684,2.9100000858306885,2.8399999141693115,2.900000095367432,13.868107,1.7543927160695638
2026-06-25,2.9000000953674316,2.9200000762939453,2.7799999713897705,2.7799999713897705,24.199598,-4.137935173497198
2026-06-29,2.75,2.78,2.73,2.78,2.238719,0.0
2026-06-30,2.7799999713897705,2.789999961853028,2.740000009536743,2.7799999713897705,15.448991,0.0
2026-07-01,2.7699999809265137,2.7799999713897705,2.740000009536743,2.759999990463257,7.023775,-0.7194237817389371
2026-07-02,2.7699999809265137,2.7799999713897705,2.75,2.75,4.534019,-0.3623184962974757
2026-07-06,2.7699999809265137,2.789999961853028,2.75,2.789999961853028,3.793649,1.4545440673828125
2026-07-07,2.799999952316284,2.809999942779541,2.7799999713897705,2.809999942779541,4.535482,0.716845204299954
2026-07-08,2.79,2.8,2.72,2.76,15.000837,-1.779358
2026-07-09,2.759999990463257,2.7799999713897705,2.740000009536743,2.7799999713897705,4.702202,0.7246369925949514
2026-07-13,2.7799999713897705,2.7799999713897705,2.740000009536743,2.75,8.417129,-1.0791356726084111
2026-07-14,2.7300000190734863,2.7300000190734863,2.680000066757202,2.7100000381469727,11.097411,-1.4545440673828125
2026-07-15,2.7100000381469727,2.75,2.700000047683716,2.7100000381469727,16.991087,0.0
2026-07-16,2.7100000381469727,2.7300000190734863,2.700000047683716,2.7100000381469727,4.117594,0.0
2026-07-20,2.6600000858306885,2.690000057220459,2.619999885559082,2.690000057220459,5.722971,-0.738006665866664
2026-07-21,2.66,2.72,2.64,2.72,16.717573,1.115241
2026-07-22,2.720000028610229,2.720000028610229,2.650000095367432,2.6600000858306885,10.644869,-2.2058802260453536
2026-07-23,2.6700000762939453,2.680000066757202,2.650000095367432,2.680000066757202,5.611456,0.7518789579387564
2026-07-24,2.690000057220459,2.690000057220459,2.640000104904175,2.6700000762939453,6.76066,-0.37313396321504433
